{"__symbolic":"module","version":4,"metadata":{"BlogService":{"__symbolic":"class","decorators":[{"__symbolic":"call","expression":{"__symbolic":"reference","module":"@angular/core","name":"Injectable","line":10,"character":1},"arguments":[{"providedIn":"root"}]}],"members":{"__ctor__":[{"__symbolic":"constructor","parameters":[{"__symbolic":"reference","module":"@angular/common/http","name":"HttpClient","line":31,"character":29},{"__symbolic":"reference","module":"@angular/common/http","name":"HttpClient","line":31,"character":29},{"__symbolic":"reference","module":"ngx-cookie-service","name":"CookieService","line":31,"character":95}]}],"isTokenExpired":[{"__symbolic":"method"}],"addData":[{"__symbolic":"method"}],"UpdateData":[{"__symbolic":"method"}],"getData":[{"__symbolic":"method"}],"deleteSingleData":[{"__symbolic":"method"}],"deleteMultipleData":[{"__symbolic":"method"}],"UpdateStatusForSingleData":[{"__symbolic":"method"}],"UpdateStatusForMultipleData":[{"__symbolic":"method"}],"CustomRequest":[{"__symbolic":"method"}]},"statics":{"ngInjectableDef":{}}},"BlogComponent":{"__symbolic":"class","decorators":[{"__symbolic":"call","expression":{"__symbolic":"reference","module":"@angular/core","name":"Component","line":4,"character":1},"arguments":[{"selector":"lib-Blog","template":"<mat-card *ngIf=\"loader==true\">\r\n    <mat-spinner class=\"spinner\"></mat-spinner>\r\n</mat-card>\r\n\r\n\r\n\r\n<!-- ------------------------lib listing being called------------------------ -->\r\n<mat-card *ngIf=\"loader==false\">\r\n    <lib-listing class=\"formfilterdiv\"\r\n        *ngIf=\"blogListConfig.datasource !=null && blogListConfig.datasource.length > 0\"\r\n        [datasource]=\"blogListConfig.datasource\" [skip]=\"blogListConfig.listArray_skip\"\r\n        [modify_header_array]=\"blogListConfig.listArray_modify_header\" [sourcedata]=\"blogListConfig.tableName\"\r\n        [statusarr]=\"blogListConfig.statusarr\" [jwttoken]=\"blogListConfig.jwtToken\"\r\n        [apiurl]=\"blogListConfig.apiUrl\" [editroute]=\"blogListConfig.editUrl\"\r\n        [deleteendpoint]=\"blogListConfig.deleteEndPoint\"\r\n        [date_search_source]=\"blogListConfig.view\"\r\n       [date_search_endpoint]=\"blogListConfig.listEndPoint\"\r\n       [search_settings]=\"blogListConfig.search_settings\"\r\n       [detail_datatype]=\"blogListConfig.pendingmodelapplicationarray_detail_datatype\">\r\n    </lib-listing>\r\n<!-- ----------------------------------------------------------------------------->\r\n\r\n    <h2 *ngIf=\"blogListConfig.datasource.length == 0\">No record found.</h2>\r\n</mat-card>","styles":[""]}]}],"members":{"config":[{"__symbolic":"property","decorators":[{"__symbolic":"call","expression":{"__symbolic":"reference","module":"@angular/core","name":"Input","line":17,"character":3}}]}],"__ctor__":[{"__symbolic":"constructor"}],"ngOnInit":[{"__symbolic":"method"}]}},"BlogModule":{"__symbolic":"class","decorators":[{"__symbolic":"call","expression":{"__symbolic":"reference","module":"@angular/core","name":"NgModule","line":19,"character":1},"arguments":[{"declarations":[{"__symbolic":"reference","name":"BlogComponent"},{"__symbolic":"reference","name":"ɵa"},{"__symbolic":"reference","name":"ɵc"},{"__symbolic":"reference","name":"ɵd"},{"__symbolic":"reference","name":"ɵg"},{"__symbolic":"reference","name":"ɵe"},{"__symbolic":"reference","name":"ɵh"},{"__symbolic":"reference","name":"ɵb"}],"imports":[{"__symbolic":"reference","name":"ɵi"},{"__symbolic":"reference","module":"@angular/router","name":"RouterModule","line":32,"character":4},{"__symbolic":"reference","name":"ɵj"},{"__symbolic":"reference","module":"listing-angular7","name":"ListingModule","line":34,"character":4},{"__symbolic":"reference","module":"@angular/common/http","name":"HttpClientModule","line":35,"character":4},{"__symbolic":"reference","module":"@angular/forms","name":"FormsModule","line":36,"character":4},{"__symbolic":"reference","module":"@angular/forms","name":"ReactiveFormsModule","line":37,"character":4},{"__symbolic":"reference","module":"@angular/platform-browser","name":"BrowserModule","line":38,"character":4},{"__symbolic":"reference","module":"@ckeditor/ckeditor5-angular","name":"CKEditorModule","line":39,"character":4},{"__symbolic":"reference","module":"listing-angular7","name":"ListingModule","line":40,"character":4},{"__symbolic":"reference","module":"file-upload","name":"FileUploadModule","line":41,"character":4},{"__symbolic":"reference","module":"@angular/common","name":"CommonModule","line":42,"character":4}],"exports":[{"__symbolic":"reference","name":"BlogComponent"},{"__symbolic":"reference","name":"ɵa"},{"__symbolic":"reference","name":"ɵc"},{"__symbolic":"reference","name":"ɵh"}],"providers":[{"__symbolic":"reference","name":"ɵf"}],"entryComponents":[{"__symbolic":"reference","name":"ɵb"},{"__symbolic":"reference","name":"ɵd"},{"__symbolic":"reference","name":"ɵe"}]}]}],"members":{}},"ɵa":{"__symbolic":"class","decorators":[{"__symbolic":"call","expression":{"__symbolic":"reference","module":"@angular/core","name":"Component","line":12,"character":1},"arguments":[{"selector":"lib-add-blog","template":"<!-- Form Header -->\r\n<mat-card>\r\n  <mat-toolbar color=\"primary\" style=\"justify-content: center; align-items: center;\">\r\n    <h2 class=\"headerSpan\">{{header_txt}}</h2>\r\n  </mat-toolbar>\r\n\r\n  <!-- Blog Add or Edit Form Start Here -->\r\n  <span class=\"formspan\">\r\n    <mat-card-content class=\"example-container\">\r\n      <form class=\"example-form\" autocomplete=\"off\" [formGroup]=\"blogCatForm\">\r\n\r\n\r\n\r\n        <!-- Blog title  -->\r\n        <mat-form-field>\r\n          <input matInput type=\"text\" placeholder=\"Title\" formControlName=\"blogtitle\" >\r\n          <mat-error *ngIf=\"!blogCatForm.controls['blogtitle'].valid\r\n        && blogCatForm.controls['blogtitle'].errors.required\"> Blog title is required.</mat-error>\r\n          <mat-error\r\n            *ngIf=\"!blogCatForm.controls['blogtitle'].valid && !blogCatForm.controls['blogtitle'].errors.required\">\r\n            Max length exceeded</mat-error>\r\n        </mat-form-field>\r\n\r\n\r\n\r\n        <!-- Priority   -->\r\n        <mat-form-field>\r\n          <input matInput type=\"number\" placeholder=\"Priority\" formControlName=\"priority\">\r\n          <mat-error *ngIf=\"!blogCatForm.controls['priority'].valid\r\n        && blogCatForm.controls['priority'].errors.required\"> Priority is required.</mat-error>\r\n          <mat-error\r\n            *ngIf=\"!blogCatForm.controls['priority'].valid && !blogCatForm.controls['priority'].errors.required\">\r\n            Can't have a lower priority</mat-error>\r\n        </mat-form-field>\r\n\r\n        <!-- Status  -->\r\n\r\n        <mat-checkbox formControlName=\"status\">Active</mat-checkbox><br>\r\n\r\n\r\n        <!-- ckeditor using start here -->\r\n        <mat-label>Description</mat-label>\r\n        <ckeditor [editor]=\"Editor\" [config]=\"editorConfig\" formControlName=\"description\" ></ckeditor>\r\n        <mat-error *ngIf=\"!blogCatForm.controls['description'].valid\r\n        && blogCatForm.controls['description'].errors.required && blogCatForm.controls['description'].touched\" > Please describe.</mat-error>\r\n          <mat-error\r\n            *ngIf=\"!blogCatForm.controls['description'].valid && !blogCatForm.controls['description'].errors.required\">\r\n            Max length exceeded</mat-error>\r\n        <!-- ckeditor end here -->\r\n\r\n\r\n\r\n\r\n\r\n        <mat-form-field>\r\n          <mat-label>Parent Category</mat-label>\r\n          <mat-select formControlName=\"parent_id\">\r\n            <mat-option [value]=0>\r\n              Select a category\r\n            </mat-option>\r\n            <mat-option *ngFor=\"let parCat of getParentCatArr\" value=\"{{ parCat._id }}\"> {{ parCat.blogtitle }}\r\n            </mat-option>\r\n\r\n          </mat-select>\r\n        </mat-form-field>\r\n\r\n\r\n        <button type=\"submit\" class=\"submitbtn\" class=\"submitbtn\" mat-raised-button color=\"primary\"\r\n          (click)=\"onSubmit()\">{{buttonText}}</button>\r\n        <button type=\"reset\" class=\"submitbtn\" class=\"submitbtn\" mat-raised-button color=\"primary\">RESET</button>\r\n\r\n\r\n\r\n\r\n      </form>\r\n    </mat-card-content>\r\n  </span>\r\n</mat-card>","styles":[".example-container{display:flex;flex-direction:column}.example-container>*{width:100%}.main-class .submitbtn{display:block;width:170px;margin:10px auto;background:#3f50b5!important;color:#fff}.main-class .material-icons{cursor:pointer}.formspan{background-color:#e7e9ea;border:6px solid #fff;border-bottom:10px solid #fff;display:inline-block;width:100%;position:relative;z-index:9}.formspan .example-container{display:flex;flex-direction:column;width:98%;padding:14px;margin-bottom:0}.formspan .form-field-span,.formspan .mat-form-field{display:inline-block;position:relative;text-align:left;width:98%;background:#fff;margin-bottom:9px;padding:1px 14px}.formspan .form-field-span .mat-checkbox,.formspan .form-field-span .mat-radio-button{padding-right:15px;padding-bottom:15px;display:inline-block}.formspan .mat-form-field-wrapper{padding-bottom:0!important}.form-field-span .mat-error{font-size:13px!important}.mat-error{color:#f44336;font-size:13px!important}button.submitbtn.mat-raised-button.mat-primary{margin-right:15px}h1{color:#3f50b4}.files-view{background-repeat:no-repeat;background-size:cover;background-position:center;height:auto!important;width:82%;margin:20px auto;border-radius:10px;display:flex;justify-content:center;align-items:stretch;flex-wrap:wrap}.files-view .mat-card{z-index:9;margin:10px!important;display:flex;flex-wrap:wrap;justify-content:center;width:27%;position:relative}.files-view .mat-card .mat-card-actions,.files-view .mat-card .mat-card-titlt{display:inline-block;width:100%}.files-view .mat-card .mat-card-subtitle{display:inline-block;width:100%;text-align:center}.closecard{position:absolute;top:-10px;right:-8px;background:#464545;height:25px;width:25px;border-radius:50%;border:1px solid #696969;color:#fff;text-align:center;box-shadow:0 2px 6px #00000070;cursor:pointer}.closecard i{font-size:18px;line-height:27px}"]}]}],"members":{"__ctor__":[{"__symbolic":"constructor","parameters":[{"__symbolic":"reference","module":"@angular/forms","name":"FormBuilder","line":43,"character":35},{"__symbolic":"reference","name":"BlogService"},{"__symbolic":"reference","module":"@angular/router","name":"Router","line":43,"character":98},{"__symbolic":"reference","module":"ngx-cookie-service","name":"CookieService","line":44,"character":27},{"__symbolic":"reference","module":"@angular/material/dialog","name":"MatDialog","line":44,"character":56}]}],"ngOnInit":[{"__symbolic":"method"}],"setDefaultValue":[{"__symbolic":"method"}],"generateForm":[{"__symbolic":"method"}],"config":[{"__symbolic":"property","decorators":[{"__symbolic":"call","expression":{"__symbolic":"reference","module":"@angular/core","name":"Input","line":98,"character":3}}]}],"openDialog":[{"__symbolic":"method"}],"getParentData":[{"__symbolic":"method"}],"onSubmit":[{"__symbolic":"method"}],"inputBlur":[{"__symbolic":"method"}]}},"ɵb":{"__symbolic":"class","decorators":[{"__symbolic":"call","expression":{"__symbolic":"reference","module":"@angular/core","name":"Component","line":185,"character":1},"arguments":[{"selector":"app-modal","template":"<h1 mat-dialog-title>MESSAGE</h1>\r\n<div mat-dialog-content>\r\n   <p>{{ data.msg }}</p>\r\n</div>\r\n\r\n"}]}],"members":{"__ctor__":[{"__symbolic":"constructor","parameterDecorators":[null,[{"__symbolic":"call","expression":{"__symbolic":"reference","module":"@angular/core","name":"Inject","line":193,"character":5},"arguments":[{"__symbolic":"reference","module":"@angular/material/dialog","name":"MAT_DIALOG_DATA","line":193,"character":12}]}]],"parameters":[{"__symbolic":"reference","name":"MatDialogRef","module":"@angular/material/dialog","arguments":[{"__symbolic":"reference","name":"ɵb"}]},{"__symbolic":"reference","name":"any"}]}],"onNoClick":[{"__symbolic":"method"}]}},"ɵc":{"__symbolic":"class","decorators":[{"__symbolic":"call","expression":{"__symbolic":"reference","module":"@angular/core","name":"Component","line":19,"character":1},"arguments":[{"selector":"lib-addedit-blogmanagement","template":"<mat-card>\r\n    <mat-toolbar color=\"primary\" style=\"justify-content: center; align-items: center;\">\r\n        <h2 class=\"headerSpan\">{{headerText}}</h2>\r\n    </mat-toolbar>\r\n\r\n\r\n\r\n    <span class=\"formspan\">\r\n        <mat-card-content class=\"example-container\">\r\n            <form [formGroup]=\"blogManagementForm\">\r\n                <!-- ----------------------------Blog title---------------------------- -->\r\n                <mat-form-field>\r\n                    <input matInput placeholder=\"Blog title*\" formControlName=\"blogtitle\"\r\n                       >\r\n                    <mat-error\r\n                        *ngIf=\"!blogManagementForm.controls['blogtitle'].valid\r\n        && blogManagementForm.controls['blogtitle'].errors.required && blogManagementForm.controls['blogtitle'].touched\">\r\n                        Blog title is required.</mat-error>\r\n\r\n                   \r\n\r\n                </mat-form-field><br>\r\n                <!-- ------------------------------------------------------------------ -->\r\n\r\n\r\n                <!-- -------------------------Blog Category---------------------------- -->\r\n                <mat-form-field>\r\n                    <mat-label>Blog Category</mat-label>\r\n                    <select matNativeControl required formControlName=\"blogcat\"\r\n                      >\r\n                        <option *ngFor=\"let item of blogCategoryArray\" value=\"{{item._id}}\">{{ item.blogtitle }}\r\n                        </option>\r\n                    </select>\r\n\r\n                </mat-form-field><br>\r\n                <!-- -----------------------------------------------------------------  -->\r\n\r\n\r\n                <!-- -------------------------Author---------------------------- -->\r\n                <mat-form-field>\r\n                    \r\n                    <input matInput formControlName=\"author\" placeholder=\"Author*\">\r\n                    <mat-error *ngIf=\"!blogManagementForm.controls['author'].valid\r\n    && blogManagementForm.controls['author'].errors.required && blogManagementForm.controls['author'].touched\">\r\n                        Blog title is required.</mat-error>\r\n\r\n                    <mat-error\r\n                        *ngIf=\"!blogManagementForm.controls['author'].valid && !blogManagementForm.controls['author'].errors.required\">\r\n                        Max length exceeded</mat-error>\r\n                </mat-form-field><br>\r\n                <!-- -----------------------------------------------------------------  -->\r\n\r\n\r\n                <!-- ------------------------------------Blog Content------------------ -->\r\n\r\n                <ckeditor [editor]=\"Editor\" [config]=\"editorConfig\" formControlName=\"description\"\r\n                  ></ckeditor>\r\n                <mat-error\r\n                    *ngIf=\"!blogManagementForm.controls['description'].valid\r\n    && blogManagementForm.controls['description'].errors.required && blogManagementForm.controls['description'].touched\">\r\n                    Blog title is required.</mat-error>\r\n\r\n              \r\n                <br>\r\n                <!-- -----------------------------------------------------------------  -->\r\n\r\n\r\n\r\n\r\n                <!-- -----------------------------------Priority------------------------ -->\r\n                <mat-form-field>\r\n                    <input matInput type=\"number\" placeholder=\"Priority*\" formControlName=\"priority\"\r\n                        >\r\n\r\n                    <mat-error *ngIf=\"!blogManagementForm.controls['priority'].valid && blogManagementForm.controls['priority'].errors.required\">\r\n                        Priority is required.</mat-error>\r\n\r\n                </mat-form-field><br>\r\n                <!-- ------------------------------------------------------------------- -->\r\n\r\n\r\n\r\n                <!-- ----------------------------------Status---------------------------- -->\r\n                <mat-checkbox formControlName=\"status\" color=\"primary\">Active</mat-checkbox><br>\r\n                <!-- -------------------------------------------------------------------- -->\r\n\r\n\r\n\r\n\r\n\r\n                <!-- --------------------------------Meta title-------------------------  -->\r\n                <!-- <mat-form-field>\r\n                    <input matInput placeholder=\"Meta title\" formControlName=\"metatitle\"\r\n                       >\r\n                    <mat-error\r\n                        *ngIf=\"!blogManagementForm.controls['metatitle'].valid\r\n        && blogManagementForm.controls['metatitle'].errors.required && blogManagementForm.controls['metatitle'].touched\">\r\n                        Meta title is required.</mat-error>\r\n\r\n                   \r\n                </mat-form-field> -->\r\n                <!-- -------------------------------------------------------------------- -->\r\n\r\n\r\n\r\n                <!-- ----------------------------------Meta Description------------------ -->\r\n                <!-- <mat-form-field>\r\n                    <textarea matInput placeholder=\"Meta Description\" formControlName=\"metadesc\"\r\n                      ></textarea>\r\n                    <mat-error *ngIf=\"!blogManagementForm.controls['metadesc'].valid\r\n      && blogManagementForm.controls['metadesc'].errors.required && blogManagementForm.controls['metadesc'].touched\">\r\n                        Meta description is required.</mat-error>\r\n\r\n                </mat-form-field><br> -->\r\n                <!-- -------------------------------------------------------------------- -->\r\n\r\n\r\n\r\n                <!-- --------------------------------------Video URL--------------------- -->\r\n                <mat-label>Attach Videos:</mat-label>\r\n                <div formArrayName=\"credentials\"\r\n                    *ngFor=\"let creds of blogManagementForm.controls.credentials?.value; let i = index; trackBy: trackByFn\">\r\n                    <ng-container [formGroupName]=\"i\">\r\n                        <mat-form-field class=\"video_embed\">\r\n                            <input type=\"text\" matInput formControlName=\"video_url\">\r\n                            <span matPrefix>{{ video_prefix }}</span>\r\n                            <mat-icon matSuffix class=\"clickable\" (click)=\"preview_video(i)\">remove_red_eye</mat-icon>\r\n                            <i style=\"position: absolute; cursor: pointer;                           right: 4px;\r\n                            bottom: 7px;\" class=\"material-icons\" (click)=\"openSnackBar()\">\r\n                                contact_support\r\n                            </i>\r\n\r\n\r\n                        </mat-form-field>\r\n\r\n\r\n                        <!-- Video Title  -->\r\n                        <mat-form-field>\r\n                            <input type=\"text\" matInput formControlName=\"video_title\" placeholder=\"Video title\">\r\n                            <mat-icon matSuffix>title</mat-icon>\r\n                        </mat-form-field>\r\n                        <!-- Video Description  -->\r\n                        <mat-form-field>\r\n\r\n                            <textarea type=\"text\" matInput formControlName=\"video_description\"\r\n                                placeholder=\"Video description\"></textarea>\r\n                            <mat-icon matSuffix>description</mat-icon>\r\n                        </mat-form-field>\r\n\r\n                        <button type=\"button\" (click)=\"addYoutubeVideo('','','')\">\r\n                            <mat-icon matSuffix>add_box</mat-icon>\r\n                        </button>\r\n                        <span *ngIf=\"i!=0\"><button type=\"button\" (click)=\"deleteCreds()\">\r\n                                <mat-icon matSuffix>delete</mat-icon>\r\n                            </button></span>\r\n                    </ng-container>\r\n                </div><br>\r\n                <!-- ------------------------------------------------------------------- -->\r\n\r\n\r\n                <!-- -----------------------------Multi Tags---------------------------- -->\r\n                <div>\r\n                    <mat-label>Tags:</mat-label>\r\n                    <mat-form-field class=\"example-full-width\">\r\n                        <input type=\"text\" placeholder=\"Tag something\" formControlName=\"tags\" matInput\r\n                            [formControl]=\"myControl\" [matAutocomplete]=\"auto\" (keyup)=\"showval($event)\">\r\n\r\n                        <mat-autocomplete autoActiveFirstOption #auto=\"matAutocomplete\">\r\n                            <mat-option *ngFor=\"let option of filteredOptions | async\" [value]=\"option\">\r\n                                {{option}}\r\n                            </mat-option>\r\n                        </mat-autocomplete>\r\n                        <mat-error *ngIf=\"!blogManagementForm.controls['tags'].valid\r\n        && blogManagementForm.controls['tags'].errors.required\">\r\n                            Tags are required.</mat-error>\r\n\r\n                    </mat-form-field>\r\n                    <div>\r\n\r\n                        <mat-chip-list class=\"mat_chip\">\r\n                            <!-- <li *ngFor=\"let item of tags_array;let j = index\">{{ item }}<mat-icon matSuffix class=\"clickable\" (click)=\"clearTags(j)\">clear</mat-icon></li> -->\r\n                            <mat-chip color=\"primary\" selected *ngFor=\"let item of tags_array;let j = index\">{{ item }}\r\n                                <mat-icon matSuffix class=\"clickable\" (click)=\"clearTags(j)\">clear</mat-icon>\r\n                            </mat-chip>\r\n                        </mat-chip-list>\r\n\r\n                    </div>\r\n                </div>\r\n                <!-- ----------------------------------------------------------------- -->\r\n\r\n\r\n                <!-- ---------------------------------------------Image Uploader--------------------- -->\r\n                <h1>Blogs Image:</h1>\r\n                <lib-file-upload [config]=\"imageConfigData\"></lib-file-upload>\r\n                <!-- -------------------------------------------------------------------------------- -->\r\n\r\n                <ng-container *ngIf=\"flag==true\">\r\n                    <!-- CARD VIEW  -->\r\n                    <mat-card-content class=\"files-view\" *ngFor=\"let img of images_array_edit; let i2 = index\">\r\n                        <mat-card class=\"example-card\">\r\n                            <img mat-card-image [src]=\"img.img_var\">\r\n                            <mat-card-title>{{ img.image_name }}</mat-card-title>\r\n                            <mat-card-subtitle>{{img.image_type}}</mat-card-subtitle>\r\n                            <span class=\"closecard\" (click)=\"clear_image(i2)\"><i class=\"material-icons\">clear</i></span>\r\n\r\n                        </mat-card>\r\n                    </mat-card-content>\r\n                    <!-- ---------  -->\r\n                </ng-container>\r\n\r\n\r\n\r\n\r\n\r\n                <!-- ---------------------------------------------File Uploader--------------------- -->\r\n                <h1>Blogs File:</h1>\r\n                <lib-file-upload [config]=\"fileConfigData\"></lib-file-upload>\r\n                <!-- -------------------------------------------------------------------------------- -->\r\n\r\n                <mat-chip-list class=\"mat_chip\">\r\n                    <mat-chip color=\"primary\" selected *ngFor=\"let item of file_array_edit;let j = index\">{{ item }}\r\n                        <mat-icon matSuffix class=\"clickable\" (click)=\"clearFileTags(j)\">clear</mat-icon>\r\n                    </mat-chip>\r\n                </mat-chip-list>\r\n\r\n\r\n                <button class=\"submitbtn\" mat-raised-button color=\"primary\" type=\"button\"\r\n                    (click)=\"onSubmit()\">{{buttonText}}</button>\r\n\r\n            </form>\r\n        </mat-card-content>\r\n    </span>\r\n</mat-card>","styles":[".example-container{display:flex;flex-direction:column}.example-container>*{width:100%}.main-class .submitbtn{display:block;width:170px;margin:10px auto;background:#3f50b5!important;color:#fff}.main-class .material-icons{cursor:pointer}.formspan{background-color:#e7e9ea;border:6px solid #fff;border-bottom:10px solid #fff;display:inline-block;width:100%;position:relative;z-index:9}.formspan .example-container{display:flex;flex-direction:column;width:98%;padding:14px;margin-bottom:0}.formspan .form-field-span,.formspan .mat-form-field{display:inline-block;position:relative;text-align:left;width:98%;background:#fff;margin-bottom:9px;padding:1px 14px}.formspan .form-field-span .mat-checkbox,.formspan .form-field-span .mat-radio-button{padding-right:15px;padding-bottom:15px;display:inline-block}.formspan .mat-form-field-wrapper{padding-bottom:0!important}.form-field-span .mat-error{font-size:13px!important}.mat-error{color:#f44336;font-size:13px!important}button.submitbtn.mat-raised-button.mat-primary{margin-right:15px}:host ::ng-deep .ck-editor__editable_inline{min-height:50px}.clickable{cursor:pointer}.mat_chip{padding:20px}.video_embed{position:relative}.video_embed .link_action{position:absolute;right:20px}.snackbar-color{background:#f01d40}.log_image{width:100%;display:block}.log_image img{max-width:100%}h1{color:#673ab7}.files-view{background-repeat:no-repeat;background-size:cover;background-position:center;height:auto!important;width:82%;margin:20px auto;border-radius:10px;display:flex;justify-content:center;align-items:stretch;flex-wrap:wrap}.files-view .mat-card{z-index:9;margin:10px!important;display:flex;flex-wrap:wrap;justify-content:center;width:27%;position:relative}.files-view .mat-card .mat-card-actions,.files-view .mat-card .mat-card-titlt{display:inline-block;width:100%}.files-view .mat-card .mat-card-subtitle{display:inline-block;width:100%;text-align:center}.closecard{position:absolute;top:-10px;right:-8px;background:#464545;height:25px;width:25px;border-radius:50%;border:1px solid #696969;color:#fff;text-align:center;box-shadow:0 2px 6px #00000070;cursor:pointer}.closecard i{font-size:18px;line-height:27px}"]}]}],"members":{"config":[{"__symbolic":"property","decorators":[{"__symbolic":"call","expression":{"__symbolic":"reference","module":"@angular/core","name":"Input","line":83,"character":3}}]}],"serverUrl":[{"__symbolic":"property","decorators":[{"__symbolic":"call","expression":{"__symbolic":"reference","module":"@angular/core","name":"Input","line":89,"character":3}}]}],"getDataEndpoint":[{"__symbolic":"property","decorators":[{"__symbolic":"call","expression":{"__symbolic":"reference","module":"@angular/core","name":"Input","line":95,"character":3}}]}],"addEndpoint":[{"__symbolic":"property","decorators":[{"__symbolic":"call","expression":{"__symbolic":"reference","module":"@angular/core","name":"Input","line":102,"character":3}}]}],"listRoute":[{"__symbolic":"property","decorators":[{"__symbolic":"call","expression":{"__symbolic":"reference","module":"@angular/core","name":"Input","line":110,"character":3}}]}],"__ctor__":[{"__symbolic":"constructor","parameters":[{"__symbolic":"reference","module":"@angular/common/http","name":"HttpClient","line":118,"character":28},{"__symbolic":"reference","name":"ɵf"},{"__symbolic":"reference","module":"@angular/router","name":"ActivatedRoute","line":119,"character":28},{"__symbolic":"reference","module":"@angular/router","name":"Router","line":119,"character":60},{"__symbolic":"reference","module":"@angular/forms","name":"FormBuilder","line":120,"character":25},{"__symbolic":"reference","module":"@angular/material","name":"MatDialog","line":120,"character":53},{"__symbolic":"reference","module":"@angular/material","name":"MatSnackBar","line":121,"character":21}]}],"ngOnInit":[{"__symbolic":"method"}],"_filter":[{"__symbolic":"method"}],"action":[{"__symbolic":"property","decorators":[{"__symbolic":"call","expression":{"__symbolic":"reference","module":"@angular/core","name":"Input","line":249,"character":3}}]}],"imageUpload":[{"__symbolic":"property","decorators":[{"__symbolic":"call","expression":{"__symbolic":"reference","module":"@angular/core","name":"Input","line":255,"character":3}}]}],"fileUpload":[{"__symbolic":"property","decorators":[{"__symbolic":"call","expression":{"__symbolic":"reference","module":"@angular/core","name":"Input","line":260,"character":3}}]}],"openDialog":[{"__symbolic":"method"}],"trackByFn":[{"__symbolic":"method"}],"addYoutubeVideo":[{"__symbolic":"method"}],"deleteCreds":[{"__symbolic":"method"}],"getBlogCategory":[{"__symbolic":"method"}],"getTagsCount":[{"__symbolic":"method"}],"singleData":[{"__symbolic":"property","decorators":[{"__symbolic":"call","expression":{"__symbolic":"reference","module":"@angular/core","name":"Input","line":379,"character":3}}]}],"onSubmit":[{"__symbolic":"method"}],"inputBlur":[{"__symbolic":"method"}],"showval":[{"__symbolic":"method"}],"preview_video":[{"__symbolic":"method"}],"clearTags":[{"__symbolic":"method"}],"openSnackBar":[{"__symbolic":"method"}],"clear_image":[{"__symbolic":"method"}],"clearFileTags":[{"__symbolic":"method"}]}},"ɵd":{"__symbolic":"class","decorators":[{"__symbolic":"call","expression":{"__symbolic":"reference","module":"@angular/core","name":"Component","line":563,"character":1},"arguments":[{"selector":"app-modal","template":"<h1 mat-dialog-title>YOUTUBE VIDEO PREVIEW</h1>\r\n<div mat-dialog-content>\r\n \r\n   <p>https://www.youtube.com/embed/{{ (data.msg) }}</p> \r\n  \r\n   <lib-youtubeplayer [videoid]=\"data.msg\"></lib-youtubeplayer>\r\n\r\n</div>\r\n\r\n\r\n\r\n\r\n "}]}],"members":{"__ctor__":[{"__symbolic":"constructor","parameterDecorators":[null,[{"__symbolic":"call","expression":{"__symbolic":"reference","module":"@angular/core","name":"Inject","line":572,"character":5},"arguments":[{"__symbolic":"reference","module":"@angular/material","name":"MAT_DIALOG_DATA","line":572,"character":12}]}]],"parameters":[{"__symbolic":"reference","name":"MatDialogRef","module":"@angular/material","arguments":[{"__symbolic":"reference","name":"ɵd"}]},{"__symbolic":"reference","name":"any"}]}],"onNoClick":[{"__symbolic":"method"}]}},"ɵe":{"__symbolic":"class","decorators":[{"__symbolic":"call","expression":{"__symbolic":"reference","module":"@angular/core","name":"Component","line":582,"character":1},"arguments":[{"template":"<span class=\"log_image\">\r\n    <img src=\"/assets/images/youtube-link.jpg\">\r\n</span>","styles":[".example-container{display:flex;flex-direction:column}.example-container>*{width:100%}.main-class .submitbtn{display:block;width:170px;margin:10px auto;background:#3f50b5!important;color:#fff}.main-class .material-icons{cursor:pointer}.formspan{background-color:#e7e9ea;border:6px solid #fff;border-bottom:10px solid #fff;display:inline-block;width:100%;position:relative;z-index:9}.formspan .example-container{display:flex;flex-direction:column;width:98%;padding:14px;margin-bottom:0}.formspan .form-field-span,.formspan .mat-form-field{display:inline-block;position:relative;text-align:left;width:98%;background:#fff;margin-bottom:9px;padding:1px 14px}.formspan .form-field-span .mat-checkbox,.formspan .form-field-span .mat-radio-button{padding-right:15px;padding-bottom:15px;display:inline-block}.formspan .mat-form-field-wrapper{padding-bottom:0!important}.form-field-span .mat-error{font-size:13px!important}.mat-error{color:#f44336;font-size:13px!important}button.submitbtn.mat-raised-button.mat-primary{margin-right:15px}:host ::ng-deep .ck-editor__editable_inline{min-height:50px}.clickable{cursor:pointer}.mat_chip{padding:20px}.video_embed{position:relative}.video_embed .link_action{position:absolute;right:20px}.snackbar-color{background:#f01d40}.log_image{width:100%;display:block}.log_image img{max-width:100%}h1{color:#673ab7}.files-view{background-repeat:no-repeat;background-size:cover;background-position:center;height:auto!important;width:82%;margin:20px auto;border-radius:10px;display:flex;justify-content:center;align-items:stretch;flex-wrap:wrap}.files-view .mat-card{z-index:9;margin:10px!important;display:flex;flex-wrap:wrap;justify-content:center;width:27%;position:relative}.files-view .mat-card .mat-card-actions,.files-view .mat-card .mat-card-titlt{display:inline-block;width:100%}.files-view .mat-card .mat-card-subtitle{display:inline-block;width:100%;text-align:center}.closecard{position:absolute;top:-10px;right:-8px;background:#464545;height:25px;width:25px;border-radius:50%;border:1px solid #696969;color:#fff;text-align:center;box-shadow:0 2px 6px #00000070;cursor:pointer}.closecard i{font-size:18px;line-height:27px}"]}]}],"members":{}},"ɵf":{"__symbolic":"class","decorators":[{"__symbolic":"call","expression":{"__symbolic":"reference","module":"@angular/core","name":"Injectable","line":8,"character":1},"arguments":[{"providedIn":"root"}]}],"members":{"__ctor__":[{"__symbolic":"constructor","parameters":[{"__symbolic":"reference","module":"@angular/common/http","name":"HttpClient","line":45,"character":29},{"__symbolic":"reference","module":"@angular/common/http","name":"HttpClient","line":45,"character":29},{"__symbolic":"reference","module":"ngx-cookie-service","name":"CookieService","line":46,"character":57}]}],"setServerUrl":[{"__symbolic":"method"}],"clearServerUrl":[{"__symbolic":"method"}],"getServerUrl":[{"__symbolic":"method"}],"setaddEndpoint":[{"__symbolic":"method"}],"clearaddEndpoint":[{"__symbolic":"method"}],"getaddEndpoint":[{"__symbolic":"method"}],"setuploadEndpont":[{"__symbolic":"method"}],"clearuploadEndpoint":[{"__symbolic":"method"}],"getuploadEndpoint":[{"__symbolic":"method"}],"setupdateEndpoint":[{"__symbolic":"method"}],"clearupdateEndpoint":[{"__symbolic":"method"}],"getupdateEndpoint":[{"__symbolic":"method"}],"setdeletesingleEndpoint":[{"__symbolic":"method"}],"cleardeletesingleEndpoint":[{"__symbolic":"method"}],"getdeletesingleEndpoint":[{"__symbolic":"method"}],"setupdatestatus_singleEndpoint":[{"__symbolic":"method"}],"clearupdatestatus_singleEndpoint":[{"__symbolic":"method"}],"getupdatestatus_singleEndpoint":[{"__symbolic":"method"}],"setgetdataEndpoint":[{"__symbolic":"method"}],"cleargetdataEndpoint":[{"__symbolic":"method"}],"getdataEndpoint":[{"__symbolic":"method"}],"isTokenExpired":[{"__symbolic":"method"}],"addData":[{"__symbolic":"method"}],"uploadFile":[{"__symbolic":"method"}],"UpdateData":[{"__symbolic":"method"}],"getData":[{"__symbolic":"method"}],"deleteSingleData":[{"__symbolic":"method"}],"deleteMultipleData":[{"__symbolic":"method"}],"UpdateStatusForSingleData":[{"__symbolic":"method"}],"UpdateStatusForMultipleData":[{"__symbolic":"method"}],"CustomRequest":[{"__symbolic":"method"}]},"statics":{"ngInjectableDef":{}}},"ɵg":{"__symbolic":"class","decorators":[{"__symbolic":"call","expression":{"__symbolic":"reference","module":"@angular/core","name":"Component","line":3,"character":1},"arguments":[{"selector":"lib-youtubeplayer","template":"\r\n<iframe width=\"560\" height=\"300\" [src]=\"id\" frameborder=\"0\" allow=\"accelerometer; autoplay; encrypted-media; gyroscope; picture-in-picture\" allowfullscreen></iframe>","styles":[""]}]}],"members":{"videoid":[{"__symbolic":"property","decorators":[{"__symbolic":"call","expression":{"__symbolic":"reference","module":"@angular/core","name":"Input","line":11,"character":3}}]}],"__ctor__":[{"__symbolic":"constructor","parameters":[{"__symbolic":"reference","module":"@angular/platform-browser","name":"DomSanitizer","line":16,"character":31}]}],"ngOnInit":[{"__symbolic":"method"}]}},"ɵh":{"__symbolic":"class","decorators":[{"__symbolic":"call","expression":{"__symbolic":"reference","module":"@angular/core","name":"Component","line":5,"character":1},"arguments":[{"selector":"lib-listing-blogmanagementlib","template":"<mat-card *ngIf=\"loader==true\">\r\n  <mat-spinner class=\"spinner\"></mat-spinner>\r\n</mat-card>\r\n\r\n\r\n\r\n<!-- ------------------------lib listing being called------------------------ -->\r\n<mat-card *ngIf=\"loader==false\">\r\n  <lib-listing class=\"formfilterdiv\"\r\n      *ngIf=\"blogListConfig.datasource !=null && blogListConfig.datasource.length > 0\"\r\n      [datasource]=\"blogListConfig.datasource\" [skip]=\"blogListConfig.listArray_skip\"\r\n      [modify_header_array]=\"blogListConfig.listArray_modify_header\" [sourcedata]=\"blogListConfig.tableName\"\r\n      [statusarr]=\"blogListConfig.statusarr\" [jwttoken]=\"blogListConfig.jwtToken\"\r\n      [apiurl]=\"blogListConfig.apiUrl\" [editroute]=\"blogListConfig.editUrl\"\r\n      [deleteendpoint]=\"blogListConfig.deleteEndPoint\"\r\n      [date_search_source]=\"blogListConfig.view\"\r\n     [date_search_endpoint]=\"blogListConfig.listEndPoint\"\r\n     [search_settings]=\"blogListConfig.search_settings\"\r\n     [detail_datatype]=\"blogListConfig.pendingmodelapplicationarray_detail_datatype\">\r\n  </lib-listing>\r\n<!-- ----------------------------------------------------------------------------->\r\n\r\n  <h2 *ngIf=\"blogListConfig.datasource.length == 0\">No record found.</h2>\r\n</mat-card>","styles":["body{display:none!important}"]}]}],"members":{"config":[{"__symbolic":"property","decorators":[{"__symbolic":"call","expression":{"__symbolic":"reference","module":"@angular/core","name":"Input","line":20,"character":3}}]}],"__ctor__":[{"__symbolic":"constructor","parameters":[{"__symbolic":"reference","name":"ɵf"}]}],"ngOnInit":[{"__symbolic":"method"}]}},"ɵi":{"__symbolic":"class","decorators":[{"__symbolic":"call","expression":{"__symbolic":"reference","module":"@angular/core","name":"NgModule","line":44,"character":1},"arguments":[{"exports":[{"__symbolic":"reference","module":"@angular/cdk/a11y","name":"A11yModule","line":46,"character":4},{"__symbolic":"reference","module":"@angular/cdk/stepper","name":"CdkStepperModule","line":47,"character":4},{"__symbolic":"reference","module":"@angular/cdk/table","name":"CdkTableModule","line":48,"character":4},{"__symbolic":"reference","module":"@angular/cdk/tree","name":"CdkTreeModule","line":49,"character":4},{"__symbolic":"reference","module":"@angular/cdk/drag-drop","name":"DragDropModule","line":50,"character":4},{"__symbolic":"reference","module":"@angular/material/autocomplete","name":"MatAutocompleteModule","line":51,"character":4},{"__symbolic":"reference","module":"@angular/material/badge","name":"MatBadgeModule","line":52,"character":4},{"__symbolic":"reference","module":"@angular/material/bottom-sheet","name":"MatBottomSheetModule","line":53,"character":4},{"__symbolic":"reference","module":"@angular/material/button","name":"MatButtonModule","line":54,"character":4},{"__symbolic":"reference","module":"@angular/material/button-toggle","name":"MatButtonToggleModule","line":55,"character":4},{"__symbolic":"reference","module":"@angular/material/card","name":"MatCardModule","line":56,"character":4},{"__symbolic":"reference","module":"@angular/material/checkbox","name":"MatCheckboxModule","line":57,"character":4},{"__symbolic":"reference","module":"@angular/material/chips","name":"MatChipsModule","line":58,"character":4},{"__symbolic":"reference","module":"@angular/material/stepper","name":"MatStepperModule","line":59,"character":4},{"__symbolic":"reference","module":"@angular/material/datepicker","name":"MatDatepickerModule","line":60,"character":4},{"__symbolic":"reference","module":"@angular/material/dialog","name":"MatDialogModule","line":61,"character":4},{"__symbolic":"reference","module":"@angular/material/divider","name":"MatDividerModule","line":62,"character":4},{"__symbolic":"reference","module":"@angular/material/expansion","name":"MatExpansionModule","line":63,"character":4},{"__symbolic":"reference","module":"@angular/material/grid-list","name":"MatGridListModule","line":64,"character":4},{"__symbolic":"reference","module":"@angular/material/icon","name":"MatIconModule","line":65,"character":4},{"__symbolic":"reference","module":"@angular/material/input","name":"MatInputModule","line":66,"character":4},{"__symbolic":"reference","module":"@angular/material/list","name":"MatListModule","line":67,"character":4},{"__symbolic":"reference","module":"@angular/material/menu","name":"MatMenuModule","line":68,"character":4},{"__symbolic":"reference","module":"@angular/material/core","name":"MatNativeDateModule","line":69,"character":4},{"__symbolic":"reference","module":"@angular/material/paginator","name":"MatPaginatorModule","line":70,"character":4},{"__symbolic":"reference","module":"@angular/material/progress-bar","name":"MatProgressBarModule","line":71,"character":4},{"__symbolic":"reference","module":"@angular/material/progress-spinner","name":"MatProgressSpinnerModule","line":72,"character":4},{"__symbolic":"reference","module":"@angular/material/radio","name":"MatRadioModule","line":73,"character":4},{"__symbolic":"reference","module":"@angular/material/core","name":"MatRippleModule","line":74,"character":4},{"__symbolic":"reference","module":"@angular/material/select","name":"MatSelectModule","line":75,"character":4},{"__symbolic":"reference","module":"@angular/material/sidenav","name":"MatSidenavModule","line":76,"character":4},{"__symbolic":"reference","module":"@angular/material/slider","name":"MatSliderModule","line":77,"character":4},{"__symbolic":"reference","module":"@angular/material/slide-toggle","name":"MatSlideToggleModule","line":78,"character":4},{"__symbolic":"reference","module":"@angular/material/snack-bar","name":"MatSnackBarModule","line":79,"character":4},{"__symbolic":"reference","module":"@angular/material/sort","name":"MatSortModule","line":80,"character":4},{"__symbolic":"reference","module":"@angular/material/table","name":"MatTableModule","line":81,"character":4},{"__symbolic":"reference","module":"@angular/material/tabs","name":"MatTabsModule","line":82,"character":4},{"__symbolic":"reference","module":"@angular/material/toolbar","name":"MatToolbarModule","line":83,"character":4},{"__symbolic":"reference","module":"@angular/material/tooltip","name":"MatTooltipModule","line":84,"character":4},{"__symbolic":"reference","module":"@angular/material/tree","name":"MatTreeModule","line":85,"character":4},{"__symbolic":"reference","module":"@angular/cdk/portal","name":"PortalModule","line":86,"character":4},{"__symbolic":"reference","module":"@angular/cdk/scrolling","name":"ScrollingModule","line":87,"character":4}]}]}],"members":{}},"ɵj":{"__symbolic":"class","decorators":[{"__symbolic":"call","expression":{"__symbolic":"reference","module":"@angular/core","name":"NgModule","line":10,"character":1},"arguments":[{"imports":[{"__symbolic":"call","expression":{"__symbolic":"select","expression":{"__symbolic":"reference","module":"@angular/router","name":"RouterModule","line":11,"character":12},"member":"forRoot"},"arguments":[[{"path":"add","component":{"__symbolic":"reference","name":"ɵa"}},{"path":"edit/:id","component":{"__symbolic":"reference","name":"ɵa"}}]]}],"exports":[{"__symbolic":"reference","module":"@angular/router","name":"RouterModule","line":12,"character":12}]}]}],"members":{}}},"origins":{"BlogService":"./lib/blog.service","BlogComponent":"./lib/blog.component","BlogModule":"./lib/blog.module","ɵa":"./lib/add-blog/add-blog.component","ɵb":"./lib/add-blog/add-blog.component","ɵc":"./lib/addedit-blogmanagement/addedit-blogmanagement.component","ɵd":"./lib/addedit-blogmanagement/addedit-blogmanagement.component","ɵe":"./lib/addedit-blogmanagement/addedit-blogmanagement.component","ɵf":"./lib/api.service","ɵg":"./lib/youtubeplayer/youtubeplayer.component","ɵh":"./lib/listing-blogmanagementlib/listing-blogmanagementlib.component","ɵi":"./lib/material-module","ɵj":"./lib/app-routing.module"},"importAs":"blog"}