{"__symbolic":"module","version":4,"metadata":{"NewsTitleService":{"__symbolic":"class","decorators":[{"__symbolic":"call","expression":{"__symbolic":"reference","module":"@angular/core","name":"Injectable","line":9,"character":1},"arguments":[{"providedIn":"root"}]}],"members":{"__ctor__":[{"__symbolic":"constructor","parameters":[{"__symbolic":"reference","module":"@angular/common/http","name":"HttpClient","line":30,"character":29},{"__symbolic":"reference","module":"@angular/common/http","name":"HttpClient","line":30,"character":29},{"__symbolic":"reference","module":"ngx-cookie-service","name":"CookieService","line":30,"character":95}]}],"isTokenExpired":[{"__symbolic":"method"}],"addData":[{"__symbolic":"method"}],"UpdateData":[{"__symbolic":"method"}],"getData":[{"__symbolic":"method"}],"deleteSingleData":[{"__symbolic":"method"}],"deleteMultipleData":[{"__symbolic":"method"}],"UpdateStatusForSingleData":[{"__symbolic":"method"}],"UpdateStatusForMultipleData":[{"__symbolic":"method"}],"CustomRequest":[{"__symbolic":"method"}]},"statics":{"ngInjectableDef":{}}},"DialogData":{"__symbolic":"interface"},"NewsTitleComponent":{"__symbolic":"class","decorators":[{"__symbolic":"call","expression":{"__symbolic":"reference","module":"@angular/core","name":"Component","line":14,"character":1},"arguments":[{"selector":"lib-newsTitle","template":"","styles":[".mat-form-field{display:inline-block;position:relative;text-align:left;width:100%}.material-icons{position:absolute;top:-20px;right:-20px;font-family:'Material Icons';font-weight:400;font-style:normal;font-size:24px;line-height:1;letter-spacing:normal;text-transform:none;display:inline-block;white-space:nowrap;word-wrap:normal;direction:ltr;-webkit-font-smoothing:antialiased}.logowrapper{margin:0 auto;display:block;text-align:center}h2{text-align:center;background-color:#00f;color:#f0f8ff;padding:10px;margin:0 auto}"]}]}],"members":{"formTitle":[{"__symbolic":"property","decorators":[{"__symbolic":"call","expression":{"__symbolic":"reference","module":"@angular/core","name":"Input","line":26,"character":3}}]}],"logo":[{"__symbolic":"property","decorators":[{"__symbolic":"call","expression":{"__symbolic":"reference","module":"@angular/core","name":"Input","line":31,"character":3}}]}],"serverUrl":[{"__symbolic":"property","decorators":[{"__symbolic":"call","expression":{"__symbolic":"reference","module":"@angular/core","name":"Input","line":37,"character":3}}]}],"addEndpoint":[{"__symbolic":"property","decorators":[{"__symbolic":"call","expression":{"__symbolic":"reference","module":"@angular/core","name":"Input","line":44,"character":3}}]}],"formDirective":[{"__symbolic":"property","decorators":[{"__symbolic":"call","expression":{"__symbolic":"reference","module":"@angular/core","name":"ViewChild","line":49,"character":3},"arguments":[{"__symbolic":"reference","module":"@angular/forms","name":"FormGroupDirective","line":49,"character":13}]}]}],"__ctor__":[{"__symbolic":"constructor","parameters":[{"__symbolic":"reference","module":"@angular/forms","name":"FormBuilder","line":55,"character":25},{"__symbolic":"reference","name":"ɵa"},{"__symbolic":"reference","module":"@angular/material","name":"MatSnackBar","line":55,"character":88},{"__symbolic":"reference","module":"@angular/material","name":"MatDialog","line":55,"character":116}]}],"ngOnInit":[{"__symbolic":"method"}],"openDialog":[{"__symbolic":"method"}]}},"modalData":{"__symbolic":"class","decorators":[{"__symbolic":"call","expression":{"__symbolic":"reference","module":"@angular/core","name":"Component","line":137,"character":1},"arguments":[{"selector":"modalData","template":"\n<mat-card >\n\n        <span class=\"logowrapper\" *ngIf=\"data.logoValue != ''\" >\n             <img  [src]=\"data.logoValue\">\n         </span>\n   \n       <h2 *ngIf=\"data.formTitleValue != ''\"> {{data.formTitleValue}}</h2>\n   \n       <form [formGroup]=\"newsLatterForm\" (ngSubmit)=\"newsLatterFormSubmit()\" novalidate>\n           <mat-form-field>\n               <input matInput placeholder=\"Name \" formControlName=\"fullname\" (blur)=\"inputUntouched('fullname')\">\n               <mat-error\n                           *ngIf=\"!newsLatterForm.controls['fullname'].valid && newsLatterForm.controls['fullname'].errors.required && newsLatterForm.controls['fullname'].touched\">\n                           Name field can not be blank</mat-error>\n           </mat-form-field>\n   \n           <!--Phone field start here-->\n           <mat-form-field>\n               <input matInput placeholder=\"Phone \" formControlName=\"phone\" (blur)=\"inputUntouched('phone')\">\n               <mat-error *ngIf=\"!newsLatterForm.controls['phone'].valid && newsLatterForm.controls['phone'].errors.required && newsLatterForm.controls['phone'].touched\">\n                           Phone field can not be blank</mat-error>\n           </mat-form-field>\n   \n           <!-- Email field start here-->\n           <mat-form-field>\n               <input matInput placeholder=\"Email \" formControlName=\"email\" (blur)=\"inputUntouched('email')\">\n               <mat-error\n                           *ngIf=\"!newsLatterForm.controls['email'].valid && !newsLatterForm.controls['email'].errors.required\">\n                           Email is not valid</mat-error>\n                       <mat-error\n                           *ngIf=\"!newsLatterForm.controls['email'].valid && newsLatterForm.controls['email'].errors.required\">\n                           Email field can not be blank</mat-error>\n           </mat-form-field>\n   \n           <!--Company field start here-->\n           <mat-form-field>\n               <input matInput placeholder=\"Company \" formControlName=\"company\" (blur)=\"inputUntouched('company')\">\n               <mat-error\n                           *ngIf=\"!newsLatterForm.controls['company'].valid && newsLatterForm.controls['company'].errors.required && newsLatterForm.controls['company'].touched\">\n                           Full Name field can not be blank</mat-error>\n           </mat-form-field>\n   \n   \n           <button mat-raised-button color=\"primary\">Submit</button>\n           <!-- <button mat-raised-button color=\"primary\"(click)=\"onNoClick()\">No Thanks</button> -->\n           <i class=\"material-icons\" (click)=\"onNoClick()\">\n               clear\n               </i>\n   \n   \n       </form>\n   </mat-card>","styles":[".mat-form-field{display:inline-block;position:relative;text-align:left;width:100%}.material-icons{position:absolute;top:-20px;right:-20px;font-family:'Material Icons';font-weight:400;font-style:normal;font-size:24px;line-height:1;letter-spacing:normal;text-transform:none;display:inline-block;white-space:nowrap;word-wrap:normal;direction:ltr;-webkit-font-smoothing:antialiased}.logowrapper{margin:0 auto;display:block;text-align:center}h2{text-align:center;background-color:#00f;color:#f0f8ff;padding:10px;margin:0 auto}"]}]}],"members":{"formDirective":[{"__symbolic":"property","decorators":[{"__symbolic":"call","expression":{"__symbolic":"reference","module":"@angular/core","name":"ViewChild","line":146,"character":3},"arguments":[{"__symbolic":"reference","module":"@angular/forms","name":"FormGroupDirective","line":146,"character":13}]}]}],"__ctor__":[{"__symbolic":"constructor","parameterDecorators":[null,[{"__symbolic":"call","expression":{"__symbolic":"reference","module":"@angular/core","name":"Inject","line":150,"character":5},"arguments":[{"__symbolic":"reference","module":"@angular/material","name":"MAT_DIALOG_DATA","line":150,"character":12}]}],null,null],"parameters":[{"__symbolic":"reference","name":"MatDialogRef","module":"@angular/material","arguments":[{"__symbolic":"reference","name":"modalData"}]},{"__symbolic":"reference","name":"any"},{"__symbolic":"reference","name":"ɵa"},{"__symbolic":"reference","module":"@angular/forms","name":"FormBuilder","line":55,"character":25}]}],"ngOnInit":[{"__symbolic":"method"}],"onNoClick":[{"__symbolic":"method"}],"newsLatterFormSubmit":[{"__symbolic":"method"}],"inputUntouched":[{"__symbolic":"method"}]}},"NewsTitleModule":{"__symbolic":"class","decorators":[{"__symbolic":"call","expression":{"__symbolic":"reference","module":"@angular/core","name":"NgModule","line":25,"character":1},"arguments":[{"declarations":[{"__symbolic":"reference","name":"ɵc"},{"__symbolic":"reference","name":"ɵe"},{"__symbolic":"reference","name":"ɵg"},{"__symbolic":"reference","name":"NewsTitleComponent"},{"__symbolic":"reference","name":"modalData"},{"__symbolic":"reference","name":"ɵh"},{"__symbolic":"reference","name":"ɵf"},{"__symbolic":"reference","name":"ɵi"},{"__symbolic":"reference","name":"ɵd"},{"__symbolic":"reference","name":"ɵj"},{"__symbolic":"reference","name":"ɵk"},{"__symbolic":"reference","name":"ɵl"},{"__symbolic":"reference","name":"ɵn"},{"__symbolic":"reference","name":"ɵm"},{"__symbolic":"reference","name":"ɵb"},{"__symbolic":"reference","name":"ɵo"}],"imports":[{"__symbolic":"reference","name":"ɵp"},{"__symbolic":"reference","module":"@angular/forms","name":"ReactiveFormsModule","line":33,"character":4},{"__symbolic":"reference","module":"@angular/forms","name":"FormsModule","line":33,"character":24},{"__symbolic":"reference","module":"@angular/platform-browser/animations","name":"BrowserAnimationsModule","line":34,"character":4},{"__symbolic":"reference","module":"@angular/common","name":"CommonModule","line":35,"character":4},{"__symbolic":"reference","module":"listing-angular7","name":"ListingModule","line":36,"character":4},{"__symbolic":"reference","module":"@angular/router","name":"RouterModule","line":37,"character":4},{"__symbolic":"reference","module":"@angular/common/http","name":"HttpClientModule","line":38,"character":4},{"__symbolic":"reference","module":"amazing-time-picker","name":"AmazingTimePickerModule","line":39,"character":4},{"__symbolic":"reference","module":"@ckeditor/ckeditor5-angular","name":"CKEditorModule","line":40,"character":4}],"exports":[{"__symbolic":"reference","name":"ɵl"},{"__symbolic":"reference","name":"ɵj"},{"__symbolic":"reference","name":"ɵd"},{"__symbolic":"reference","name":"ɵg"},{"__symbolic":"reference","name":"NewsTitleComponent"},{"__symbolic":"reference","name":"ɵh"},{"__symbolic":"reference","name":"ɵf"},{"__symbolic":"reference","name":"ɵi"},{"__symbolic":"reference","name":"ɵb"},{"__symbolic":"reference","name":"ɵo"},{"__symbolic":"reference","name":"ɵk"},{"__symbolic":"reference","name":"ɵn"}],"schemas":[{"__symbolic":"reference","module":"@angular/core","name":"CUSTOM_ELEMENTS_SCHEMA","line":47,"character":12}],"providers":[{"__symbolic":"reference","name":"ɵa"},{"__symbolic":"reference","module":"@angular/common","name":"DatePipe","line":48,"character":25}],"entryComponents":[{"__symbolic":"reference","name":"ɵc"},{"__symbolic":"reference","name":"ɵm"},{"__symbolic":"reference","name":"NewsTitleComponent"},{"__symbolic":"reference","name":"modalData"},{"__symbolic":"reference","name":"ɵg"},{"__symbolic":"reference","name":"ɵe"}]}]}],"members":{}},"ɵa":{"__symbolic":"class","decorators":[{"__symbolic":"call","expression":{"__symbolic":"reference","module":"@angular/core","name":"Injectable","line":8,"character":1},"arguments":[{"providedIn":"root"}]}],"members":{"__ctor__":[{"__symbolic":"constructor","parameters":[{"__symbolic":"reference","module":"@angular/common/http","name":"HttpClient","line":46,"character":29},{"__symbolic":"reference","module":"@angular/common/http","name":"HttpClient","line":46,"character":29},{"__symbolic":"reference","module":"ngx-cookie-service","name":"CookieService","line":47,"character":57}]}],"setServerUrl":[{"__symbolic":"method"}],"clearServerUrl":[{"__symbolic":"method"}],"getServerUrl":[{"__symbolic":"method"}],"setaddEndpoint":[{"__symbolic":"method"}],"clearaddEndpoint":[{"__symbolic":"method"}],"getaddEndpoint":[{"__symbolic":"method"}],"setuploadEndpont":[{"__symbolic":"method"}],"clearuploadEndpoint":[{"__symbolic":"method"}],"getuploadEndpoint":[{"__symbolic":"method"}],"setupdateEndpoint":[{"__symbolic":"method"}],"clearupdateEndpoint":[{"__symbolic":"method"}],"getupdateEndpoint":[{"__symbolic":"method"}],"setdeletesingleEndpoint":[{"__symbolic":"method"}],"cleardeletesingleEndpoint":[{"__symbolic":"method"}],"getdeletesingleEndpoint":[{"__symbolic":"method"}],"setupdatestatus_singleEndpoint":[{"__symbolic":"method"}],"clearupdatestatus_singleEndpoint":[{"__symbolic":"method"}],"getupdatestatus_singleEndpoint":[{"__symbolic":"method"}],"setgetdataEndpoint":[{"__symbolic":"method"}],"cleargetdataEndpoint":[{"__symbolic":"method"}],"getdataEndpoint":[{"__symbolic":"method"}],"isTokenExpired":[{"__symbolic":"method"}],"addData":[{"__symbolic":"method"}],"uploadFile":[{"__symbolic":"method"}],"UpdateData":[{"__symbolic":"method"}],"getData":[{"__symbolic":"method"}],"addLogin":[{"__symbolic":"method"}],"forgetPassword":[{"__symbolic":"method"}],"deleteSingleData":[{"__symbolic":"method"}],"deleteMultipleData":[{"__symbolic":"method"}],"UpdateStatusForSingleData":[{"__symbolic":"method"}],"UpdateStatusForMultipleData":[{"__symbolic":"method"}],"CustomRequest":[{"__symbolic":"method"}]},"statics":{"ngInjectableDef":{}}},"ɵb":{"__symbolic":"class","decorators":[{"__symbolic":"call","expression":{"__symbolic":"reference","module":"@angular/core","name":"Component","line":10,"character":1},"arguments":[{"selector":"lib-add-edit-testemaillib","template":"<mat-card>\n  <mat-toolbar color=\"primary\" style=\"justify-content: center; align-items: center;\">\n    <h2 class=\"headerSpan\">{{ header_name }}</h2>\n  </mat-toolbar>\n  <span class=\"formspan\">\n    <mat-card-content class=\"example-container\">\n      <form autocomplete=\"off\" [formGroup]=\"senderForm\">\n        <!-- Senders name -->\n        <mat-form-field>\n          <mat-label>Sender's Name</mat-label>\n          <input matInput formControlName=\"name\">\n        </mat-form-field>\n\n        <!-- Sender's email  -->\n        <mat-form-field>\n          <mat-label>Email</mat-label>\n          <input matInput formControlName=\"email\">\n        </mat-form-field>\n\n\n        <!-- Button  -->\n        <button type=\"submit\" class=\"submitbtn\" class=\"submitbtn\" mat-raised-button color=\"primary\"\n          (click)=\"onSubmit()\">{{buttonText}}</button>\n        <button type=\"reset\" class=\"submitbtn\" class=\"submitbtn\" mat-raised-button color=\"primary\">RESET</button>\n\n      </form>\n    </mat-card-content>\n  </span>\n</mat-card>","styles":[".example-container{display:flex;flex-direction:column}.example-container>*{width:100%}.main-class .submitbtn{display:block;width:170px;margin:10px auto;background:#3f50b5!important;color:#fff}.main-class .material-icons{cursor:pointer}.formspan{background-color:#e7e9ea;border:6px solid #fff;border-bottom:10px solid #fff;display:inline-block;width:100%;position:relative;z-index:9}.formspan .example-container{display:flex;flex-direction:column;width:98%;padding:14px;margin-bottom:0}.formspan .form-field-span,.formspan .mat-form-field{display:inline-block;position:relative;text-align:left;width:98%;background:#fff;margin-bottom:9px;padding:1px 14px}.formspan .form-field-span .mat-checkbox,.formspan .form-field-span .mat-radio-button{padding-right:15px;padding-bottom:15px;display:inline-block}.formspan .mat-form-field-wrapper{padding-bottom:0!important}.form-field-span .mat-error{font-size:13px!important}.mat-error{color:#f44336;font-size:13px!important}button.submitbtn.mat-raised-button.mat-primary{margin-right:15px}h1{color:#3f50b4}.files-view{background-repeat:no-repeat;background-size:cover;background-position:center;height:auto!important;width:82%;margin:20px auto;border-radius:10px;display:flex;justify-content:center;align-items:stretch;flex-wrap:wrap}.files-view .mat-card{z-index:9;margin:10px!important;display:flex;flex-wrap:wrap;justify-content:center;width:27%;position:relative}.files-view .mat-card .mat-card-actions,.files-view .mat-card .mat-card-titlt{display:inline-block;width:100%}.files-view .mat-card .mat-card-subtitle{display:inline-block;width:100%;text-align:center}.closecard{position:absolute;top:-10px;right:-8px;background:#464545;height:25px;width:25px;border-radius:50%;border:1px solid #696969;color:#fff;text-align:center;box-shadow:0 2px 6px #00000070;cursor:pointer}.closecard i{font-size:18px;line-height:27px}"]}]}],"members":{"__ctor__":[{"__symbolic":"constructor","parameters":[{"__symbolic":"reference","module":"@angular/forms","name":"FormBuilder","line":26,"character":35},{"__symbolic":"reference","name":"NewsTitleService"},{"__symbolic":"reference","module":"@angular/router","name":"Router","line":27,"character":22},{"__symbolic":"reference","module":"@angular/material/dialog","name":"MatDialog","line":27,"character":45}]}],"ngOnInit":[{"__symbolic":"method"}],"generateForm":[{"__symbolic":"method"}],"config":[{"__symbolic":"property","decorators":[{"__symbolic":"call","expression":{"__symbolic":"reference","module":"@angular/core","name":"Input","line":64,"character":3}}]}],"openDialog":[{"__symbolic":"method"}],"setDefaultValue":[{"__symbolic":"method"}],"onSubmit":[{"__symbolic":"method"}]}},"ɵc":{"__symbolic":"class","decorators":[{"__symbolic":"call","expression":{"__symbolic":"reference","module":"@angular/core","name":"Component","line":136,"character":1},"arguments":[{"selector":"app-modal","template":"<h1 mat-dialog-title>MESSAGE</h1>\n<div mat-dialog-content>\n   <p>{{ data.msg }}</p>\n</div>\n\n"}]}],"members":{"__ctor__":[{"__symbolic":"constructor","parameterDecorators":[null,[{"__symbolic":"call","expression":{"__symbolic":"reference","module":"@angular/core","name":"Inject","line":144,"character":5},"arguments":[{"__symbolic":"reference","module":"@angular/material/dialog","name":"MAT_DIALOG_DATA","line":144,"character":12}]}]],"parameters":[{"__symbolic":"reference","name":"MatDialogRef","module":"@angular/material/dialog","arguments":[{"__symbolic":"reference","name":"ɵc"}]},{"__symbolic":"reference","name":"any"}]}],"onNoClick":[{"__symbolic":"method"}]}},"ɵd":{"__symbolic":"class","decorators":[{"__symbolic":"call","expression":{"__symbolic":"reference","module":"@angular/core","name":"Component","line":11,"character":1},"arguments":[{"selector":"lib-add-edit-subscriptiongroup","template":"<mat-card>\n  <mat-toolbar color=\"primary\" style=\"justify-content: center; align-items: center;\">\n    <h2 class=\"headerSpan\">{{ header_name }}</h2>\n  </mat-toolbar>\n  <span class=\"formspan\">\n    <mat-card-content class=\"example-container\">\n      <form autocomplete=\"off\" [formGroup]=\"subGroupForm\">\n        <!-- Name -->\n        <mat-form-field>\n          <mat-label>Name</mat-label>\n          <input matInput formControlName=\"fullname\">\n        </mat-form-field>\n\n        <!-- Phone -->\n        <mat-form-field>\n          <mat-label>Phone</mat-label>\n          <input matInput formControlName=\"phone\">\n        </mat-form-field>\n\n        <!-- Email -->\n        <mat-form-field>\n          <mat-label>Email</mat-label>\n          <input matInput formControlName=\"email\">\n        </mat-form-field>\n\n        <!-- Company -->\n        <mat-form-field>\n          <mat-label>Company</mat-label>\n          <input matInput formControlName=\"company\">\n        </mat-form-field>\n\n        <!-- Group  -->\n        <mat-form-field>\n          <mat-label>Group</mat-label>\n          <select matNativeControl formControlName=\"group\">\n               <option value=0>Remove Group</option>\n              <option value=\"{{  item._id }}\" *ngFor=\"let item of group_array\">{{ item.name  }}</option>\n            \n            </select>\n        </mat-form-field>\n\n\n\n        <button type=\"submit\" class=\"submitbtn\" class=\"submitbtn\" mat-raised-button\n          color=\"primary\"  (click)=\"onSubmit()\">{{buttonText}}</button>\n        <button type=\"reset\" class=\"submitbtn\" class=\"submitbtn\" mat-raised-button color=\"primary\">RESET</button>\n\n\n\n\n      </form>\n      <!-- ---------------------------------------FORM ENDS HERE----------------------------- -->\n    </mat-card-content>\n  </span>\n</mat-card>","styles":[".example-container{display:flex;flex-direction:column}.example-container>*{width:100%}.main-class .submitbtn{display:block;width:170px;margin:10px auto;background:#3f50b5!important;color:#fff}.main-class .material-icons{cursor:pointer}.formspan{background-color:#e7e9ea;border:6px solid #fff;border-bottom:10px solid #fff;display:inline-block;width:100%;position:relative;z-index:9}.formspan .example-container{display:flex;flex-direction:column;width:98%;padding:14px;margin-bottom:0}.formspan .form-field-span,.formspan .mat-form-field{display:inline-block;position:relative;text-align:left;width:98%;background:#fff;margin-bottom:9px;padding:1px 14px}.formspan .form-field-span .mat-checkbox,.formspan .form-field-span .mat-radio-button{padding-right:15px;padding-bottom:15px;display:inline-block}.formspan .mat-form-field-wrapper{padding-bottom:0!important}.form-field-span .mat-error{font-size:13px!important}.mat-error{color:#f44336;font-size:13px!important}button.submitbtn.mat-raised-button.mat-primary{margin-right:15px}h1{color:#3f50b4}.files-view{background-repeat:no-repeat;background-size:cover;background-position:center;height:auto!important;width:82%;margin:20px auto;border-radius:10px;display:flex;justify-content:center;align-items:stretch;flex-wrap:wrap}.files-view .mat-card{z-index:9;margin:10px!important;display:flex;flex-wrap:wrap;justify-content:center;width:27%;position:relative}.files-view .mat-card .mat-card-actions,.files-view .mat-card .mat-card-titlt{display:inline-block;width:100%}.files-view .mat-card .mat-card-subtitle{display:inline-block;width:100%;text-align:center}.closecard{position:absolute;top:-10px;right:-8px;background:#464545;height:25px;width:25px;border-radius:50%;border:1px solid #696969;color:#fff;text-align:center;box-shadow:0 2px 6px #00000070;cursor:pointer}.closecard i{font-size:18px;line-height:27px}"]}]}],"members":{"__ctor__":[{"__symbolic":"constructor","parameters":[{"__symbolic":"reference","module":"@angular/forms","name":"FormBuilder","line":30,"character":35},{"__symbolic":"reference","module":"ngx-cookie-service","name":"CookieService","line":30,"character":71},{"__symbolic":"reference","name":"NewsTitleService"},{"__symbolic":"reference","module":"@angular/router","name":"Router","line":31,"character":59},{"__symbolic":"reference","module":"@angular/material/dialog","name":"MatDialog","line":31,"character":82}]}],"ngOnInit":[{"__symbolic":"method"}],"config":[{"__symbolic":"property","decorators":[{"__symbolic":"call","expression":{"__symbolic":"reference","module":"@angular/core","name":"Input","line":61,"character":3}}]}],"generateForm":[{"__symbolic":"method"}],"setDefaultValue":[{"__symbolic":"method"}],"openDialog":[{"__symbolic":"method"}],"onSubmit":[{"__symbolic":"method"}],"getGroup":[{"__symbolic":"method"}]}},"ɵe":{"__symbolic":"class","decorators":[{"__symbolic":"call","expression":{"__symbolic":"reference","module":"@angular/core","name":"Component","line":164,"character":1},"arguments":[{"selector":"app-modal","template":"<h1 mat-dialog-title>MESSAGE</h1>\n<div mat-dialog-content>\n   <p>{{ data.msg }}</p>\n</div>\n\n"}]}],"members":{"__ctor__":[{"__symbolic":"constructor","parameterDecorators":[null,[{"__symbolic":"call","expression":{"__symbolic":"reference","module":"@angular/core","name":"Inject","line":172,"character":5},"arguments":[{"__symbolic":"reference","module":"@angular/material/dialog","name":"MAT_DIALOG_DATA","line":172,"character":12}]}]],"parameters":[{"__symbolic":"reference","name":"MatDialogRef","module":"@angular/material/dialog","arguments":[{"__symbolic":"reference","name":"ɵe"}]},{"__symbolic":"reference","name":"any"}]}],"onNoClick":[{"__symbolic":"method"}]}},"ɵf":{"__symbolic":"class","decorators":[{"__symbolic":"call","expression":{"__symbolic":"reference","module":"@angular/core","name":"Component","line":10,"character":1},"arguments":[{"selector":"lib-add-edit-subcategory","template":"<mat-card>\n  <mat-toolbar color=\"primary\" style=\"justify-content: center; align-items: center;\">\n    <h2 class=\"headerSpan\">{{ header_name }}</h2>\n  </mat-toolbar>\n  <span class=\"formspan\">\n    <mat-card-content class=\"example-container\">\n\n      <form autocomplete=\"off\" [formGroup]=\"subscriptionCatForm\">\n\n\n        <!-- Name  -->\n        <mat-form-field>\n          <mat-label>Name</mat-label>\n          <input matInput placeholder=\"name\" formControlName=\"name\">\n        </mat-form-field>\n\n\n        <!-- Priority -->\n\n        <mat-form-field>\n          <mat-label>Priority</mat-label>\n          <input matInput placeholder=\"priority\" type=\"number\" formControlName=\"priority\">\n        </mat-form-field>\n\n        <!-- Status  -->\n        <mat-label>Status</mat-label>\n        <mat-checkbox formControlName=\"status\">Active</mat-checkbox><br>\n\n\n        <!-- Button  -->\n        <button type=\"button\" class=\"submitbtn\" class=\"submitbtn\" mat-raised-button\n          color=\"primary\" (click)=\"onSubmit()\">{{buttonText}}</button>\n        <button type=\"reset\" class=\"submitbtn\" class=\"submitbtn\" mat-raised-button color=\"primary\">RESET</button>\n      </form>\n\n    </mat-card-content>\n  </span>\n</mat-card>","styles":[".example-container{display:flex;flex-direction:column}.example-container>*{width:100%}.main-class .submitbtn{display:block;width:170px;margin:10px auto;background:#3f50b5!important;color:#fff}.main-class .material-icons{cursor:pointer}.formspan{background-color:#e7e9ea;border:6px solid #fff;border-bottom:10px solid #fff;display:inline-block;width:100%;position:relative;z-index:9}.formspan .example-container{display:flex;flex-direction:column;width:98%;padding:14px;margin-bottom:0}.formspan .form-field-span,.formspan .mat-form-field{display:inline-block;position:relative;text-align:left;width:98%;background:#fff;margin-bottom:9px;padding:1px 14px}.formspan .form-field-span .mat-checkbox,.formspan .form-field-span .mat-radio-button{padding-right:15px;padding-bottom:15px;display:inline-block}.formspan .mat-form-field-wrapper{padding-bottom:0!important}.form-field-span .mat-error{font-size:13px!important}.mat-error{color:#f44336;font-size:13px!important}button.submitbtn.mat-raised-button.mat-primary{margin-right:15px}h1{color:#3f50b4}.files-view{background-repeat:no-repeat;background-size:cover;background-position:center;height:auto!important;width:82%;margin:20px auto;border-radius:10px;display:flex;justify-content:center;align-items:stretch;flex-wrap:wrap}.files-view .mat-card{z-index:9;margin:10px!important;display:flex;flex-wrap:wrap;justify-content:center;width:27%;position:relative}.files-view .mat-card .mat-card-actions,.files-view .mat-card .mat-card-titlt{display:inline-block;width:100%}.files-view .mat-card .mat-card-subtitle{display:inline-block;width:100%;text-align:center}.closecard{position:absolute;top:-10px;right:-8px;background:#464545;height:25px;width:25px;border-radius:50%;border:1px solid #696969;color:#fff;text-align:center;box-shadow:0 2px 6px #00000070;cursor:pointer}.closecard i{font-size:18px;line-height:27px}"]}]}],"members":{"config":[{"__symbolic":"property","decorators":[{"__symbolic":"call","expression":{"__symbolic":"reference","module":"@angular/core","name":"Input","line":28,"character":3}}]}],"__ctor__":[{"__symbolic":"constructor","parameters":[{"__symbolic":"reference","module":"@angular/forms","name":"FormBuilder","line":34,"character":35},{"__symbolic":"reference","name":"NewsTitleService"},{"__symbolic":"reference","module":"@angular/router","name":"Router","line":35,"character":20},{"__symbolic":"reference","module":"@angular/material/dialog","name":"MatDialog","line":35,"character":45}]}],"ngOnInit":[{"__symbolic":"method"}],"openDialog":[{"__symbolic":"method"}],"setDefaultValue":[{"__symbolic":"method"}],"generateForm":[{"__symbolic":"method"}],"onSubmit":[{"__symbolic":"method"}]}},"ɵg":{"__symbolic":"class","decorators":[{"__symbolic":"call","expression":{"__symbolic":"reference","module":"@angular/core","name":"Component","line":137,"character":1},"arguments":[{"selector":"app-modal","template":"<h1 mat-dialog-title>MESSAGE</h1>\n<div mat-dialog-content>\n   <p>{{ data.msg }}</p>\n</div>\n\n"}]}],"members":{"__ctor__":[{"__symbolic":"constructor","parameterDecorators":[null,[{"__symbolic":"call","expression":{"__symbolic":"reference","module":"@angular/core","name":"Inject","line":145,"character":5},"arguments":[{"__symbolic":"reference","module":"@angular/material/dialog","name":"MAT_DIALOG_DATA","line":145,"character":12}]}]],"parameters":[{"__symbolic":"reference","name":"MatDialogRef","module":"@angular/material/dialog","arguments":[{"__symbolic":"reference","name":"ɵg"}]},{"__symbolic":"reference","name":"any"}]}],"onNoClick":[{"__symbolic":"method"}]}},"ɵh":{"__symbolic":"class","decorators":[{"__symbolic":"call","expression":{"__symbolic":"reference","module":"@angular/core","name":"Component","line":3,"character":1},"arguments":[{"selector":"lib-listing-newsletter","template":"<mat-card *ngIf=\"loader==true\">\n  <mat-spinner class=\"spinner\"></mat-spinner>\n</mat-card>\n\n\n\n\n<!-- ------------------------lib listing being called------------------------ -->\n<mat-card *ngIf=\"loader==false\">\n  <lib-listing class=\"formfilterdiv\"\n      *ngIf=\"newsLetterListConfig.datasource !=null && newsLetterListConfig.datasource.length > 0\"\n      [datasource]=\"newsLetterListConfig.datasource\" [skip]=\"newsLetterListConfig.listArray_skip\"\n      [modify_header_array]=\"newsLetterListConfig.listArray_modify_header\" [sourcedata]=\"newsLetterListConfig.tableName\"\n      [statusarr]=\"newsLetterListConfig.statusarr\" [jwttoken]=\"newsLetterListConfig.jwtToken\"\n      [apiurl]=\"newsLetterListConfig.apiUrl\" [editroute]=\"newsLetterListConfig.editUrl\"\n      [deleteendpoint]=\"newsLetterListConfig.deleteEndPoint\"\n      [date_search_source]=\"newsLetterListConfig.view\"\n     [date_search_endpoint]=\"newsLetterListConfig.listEndPoint\"\n     [search_settings]=\"newsLetterListConfig.search_settings\">\n  </lib-listing>\n<!-- ----------------------------------------------------------------------------->\n\n  <h2 *ngIf=\"newsLetterListConfig.datasource.length == 0\">No record found.</h2>\n</mat-card>","styles":[""]}]}],"members":{"__ctor__":[{"__symbolic":"constructor"}],"ngOnInit":[{"__symbolic":"method"}],"config":[{"__symbolic":"property","decorators":[{"__symbolic":"call","expression":{"__symbolic":"reference","module":"@angular/core","name":"Input","line":26,"character":3}}]}]}},"ɵi":{"__symbolic":"class","decorators":[{"__symbolic":"call","expression":{"__symbolic":"reference","module":"@angular/core","name":"Component","line":2,"character":1},"arguments":[{"selector":"lib-listing-subcategory","template":"<mat-card *ngIf=\"loader==true\">\n    <mat-spinner class=\"spinner\"></mat-spinner>\n</mat-card>\n\n\n\n<!-- ------------------------lib listing being called------------------------ -->\n<mat-card *ngIf=\"loader==false\">\n    <lib-listing class=\"formfilterdiv\"\n        *ngIf=\"SubsCatListConfig.datasource !=null && SubsCatListConfig.datasource.length > 0\"\n        [datasource]=\"SubsCatListConfig.datasource\" [skip]=\"SubsCatListConfig.listArray_skip\"\n        [modify_header_array]=\"SubsCatListConfig.listArray_modify_header\" [sourcedata]=\"SubsCatListConfig.tableName\"\n        [statusarr]=\"SubsCatListConfig.statusarr\" [jwttoken]=\"SubsCatListConfig.jwtToken\"\n        [apiurl]=\"SubsCatListConfig.apiUrl\" [editroute]=\"SubsCatListConfig.editUrl\"\n        [deleteendpoint]=\"SubsCatListConfig.deleteEndPoint\"\n        [date_search_source]=\"SubsCatListConfig.view\"\n       [date_search_endpoint]=\"SubsCatListConfig.listEndPoint\"\n       [search_settings]=\"SubsCatListConfig.search_settings\"\n       [detail_datatype]=\"SubsCatListConfig.pendingmodelapplicationarray_detail_datatype\">\n    </lib-listing>\n<!-- ----------------------------------------------------------------------------->\n\n    <h2 *ngIf=\"SubsCatListConfig.datasource.length == 0\">No record found.</h2>\n</mat-card>","styles":[""]}]}],"members":{"config":[{"__symbolic":"property","decorators":[{"__symbolic":"call","expression":{"__symbolic":"reference","module":"@angular/core","name":"Input","line":17,"character":1}}]}],"__ctor__":[{"__symbolic":"constructor"}],"ngOnInit":[{"__symbolic":"method"}]}},"ɵj":{"__symbolic":"class","decorators":[{"__symbolic":"call","expression":{"__symbolic":"reference","module":"@angular/core","name":"Component","line":9,"character":1},"arguments":[{"selector":"lib-add-edit-newsletterlib","template":"<mat-card>\n  <mat-toolbar color=\"primary\" style=\"justify-content: center; align-items: center;\">\n    <h2 class=\"headerSpan\">{{ header_name }}</h2>\n  </mat-toolbar>\n  <span class=\"formspan\">\n    <mat-card-content class=\"example-container\">\n      <form autocomplete=\"off\" [formGroup]=\"newsForm\">\n\n\n\n        <!-- Newsletter title  -->\n        <mat-form-field>\n          <mat-label>Newsletter Title:</mat-label>\n          <input matInput formControlName=\"newstitle\">\n        </mat-form-field>\n\n        <!-- Newsletter Subject  -->\n        <mat-form-field>\n          <mat-label>Newsletter Subject:</mat-label>\n          <input matInput formControlName=\"newssubject\">\n        </mat-form-field>\n\n\n        <!-- share newsletter with -->\n        <mat-form-field>\n          <mat-label>Share newsletter with group:</mat-label>\n          <mat-select matNativeControl required formControlName=\"share_news\">\n            <mat-option value=0>Select a group</mat-option>\n            <mat-option value=\"{{i._id}}\" *ngFor=\"let i of group_name_array\">{{ i.name }}</mat-option>\n          </mat-select>\n        </mat-form-field>\n\n        <!-- sender's address  -->\n        <mat-form-field>\n          <mat-label>Sender's address</mat-label>\n          <mat-select matNativeControl required formControlName=\"senderaddress\">\n            <mat-option value=0>Select a sender</mat-option>\n            <mat-option value=\"{{ i._id }}\" *ngFor='let i of sender_name_array'>{{ i.email }}</mat-option>\n          </mat-select>\n        </mat-form-field>\n\n\n        <!-- Set Publish Date  -->\n        <mat-form-field>\n          <input matInput [matDatepicker]=\"picker\" placeholder=\"Set publish date:\" formControlName=\"publishdate\">\n          <mat-datepicker-toggle matSuffix [for]=\"picker\"></mat-datepicker-toggle>\n          <mat-datepicker #picker></mat-datepicker>\n        </mat-form-field>\n\n\n        <!-- Time Picker  -->\n        <mat-form-field>\n          <mat-label>Set time:</mat-label>\n          <input matInput atp-time-picker  formControlName=\"settime\"/>\n        </mat-form-field>\n\n\n        <!-- Content  -->\n        <ckeditor [editor]=\"Editor\" [config]=\"editorConfig\" formControlName=\"content\"></ckeditor>\n\n\n\n        <h1> SET FREQUENCY </h1>\n        <hr>\n\n\n        <!-- Automatically send newsletters to -->\n        <mat-form-field>\n          <mat-label>Automatically send newsletter to members:</mat-label>\n          <mat-select matNativeControl required formControlName=\"sendnews\">\n            <mat-option value=0>Select a group</mat-option>\n            <mat-option value=\"{{i._id}}\" *ngFor=\"let i of group_name_array\">{{ i.name }}</mat-option>\n          </mat-select>\n        </mat-form-field>\n\n\n        <!-- Newsletter frequency  -->\n        <mat-form-field>\n          <mat-label>Newsletter Frequency:</mat-label>\n          <mat-select matNativeControl required formControlName=\"newsfrequency\">\n            <mat-option value=\"daily\">Daily</mat-option>\n            <mat-option value=\"weekly\">Weekly</mat-option>\n          </mat-select>\n        </mat-form-field>\n\n\n        <!-- News letter Day of the week  -->\n        <div class=\"dayofweek\">\n          <h5>NewsLetter day of the week</h5>\n          <mat-card-content class=\"date_wrapper\">\n            <mat-checkbox>Sunday</mat-checkbox>\n            <mat-checkbox>Monday</mat-checkbox>\n            <mat-checkbox>Tuesday</mat-checkbox>\n            <mat-checkbox>Wednesday</mat-checkbox>\n            <mat-checkbox>Thursday</mat-checkbox>\n            <mat-checkbox>Friday</mat-checkbox>\n            <mat-checkbox>Saturday</mat-checkbox>\n          </mat-card-content>\n        </div>\n\n\n        <!-- News Letter time of the day -->\n        <mat-form-field>\n          <mat-label>News Letter time of the day:</mat-label>\n          <input matInput atp-time-picker formControlName=\"timeofday\" />\n        </mat-form-field>\n\n\n\n        <!-- News Letter Time Zone -->\n        <mat-form-field>\n          <mat-label>News Letter Time Zone</mat-label>\n          <mat-select matNativeControl required formControlName=\"timezone\">\n            <mat-option value=\"Central Standard Time\">Central Standard Time</mat-option>\n            <mat-option value=\"Mountain Standard Time\">Mountain Standard Time</mat-option>\n            <mat-option value=\"Mountain Standard Time\">Mountain Standard Time</mat-option>\n            <mat-option value=\"Pacific Standard Time\">Pacific Standard Time</mat-option>\n            <mat-option value=\"Alaska Standard Time\">Alaska Standard Time</mat-option>\n            <mat-option value=\"Hawaii-Aleutian Standard Time\">Hawaii-Aleutian Standard Time</mat-option>\n          </mat-select>\n        </mat-form-field>\n\n        <!-- News letter start Date -->\n        <mat-form-field>\n          <input matInput [matDatepicker]=\"picker2\" placeholder=\"Newsletter start date\" formControlName=\"startdate\">\n          <mat-datepicker-toggle matSuffix [for]=\"picker2\"></mat-datepicker-toggle>\n          <mat-datepicker #picker2></mat-datepicker>\n        </mat-form-field>\n\n        <!-- News letter end Date -->\n        <mat-form-field>\n          <input matInput [matDatepicker]=\"picker3\" placeholder=\"Newsletter end date\" formControlName=\"enddate\">\n          <mat-datepicker-toggle matSuffix [for]=\"picker3\"></mat-datepicker-toggle>\n          <mat-datepicker #picker3></mat-datepicker>\n        </mat-form-field>\n\n        <!-- NewsLetter reply to email address  -->\n\n        <mat-form-field>\n          <mat-label>Reply address</mat-label>\n          <mat-select matNativeControl required formControlName=\"reply\">\n            <mat-option value=0>Select a sender</mat-option>\n            <mat-option value=\"{{ i._id }}\" *ngFor='let i of sender_name_array'>{{ i.email }}</mat-option>\n          </mat-select>\n        </mat-form-field>\n\n\n\n\n\n\n        <!-- Buttons  -->\n        <button type=\"submit\" class=\"submitbtn\" class=\"submitbtn\" mat-raised-button color=\"primary\">PREVIEW</button>\n        <button type=\"submit\" class=\"submitbtn\" class=\"submitbtn\" mat-raised-button\n          color=\"primary\" (click)=\"onSubmit()\">{{buttonText}}</button>\n        <button type=\"reset\" class=\"submitbtn\" class=\"submitbtn\" mat-raised-button color=\"primary\">RESET</button>\n\n\n\n\n      </form>\n      <!-- ---------------------------------------FORM ENDS HERE----------------------------- -->\n    </mat-card-content>\n  </span>\n</mat-card>","styles":[".example-container{display:flex;flex-direction:column}.example-container>*{width:100%}.main-class .submitbtn{display:block;width:170px;margin:10px auto;background:#3f50b5!important;color:#fff}.main-class .material-icons{cursor:pointer}.formspan{background-color:#e7e9ea;border:6px solid #fff;border-bottom:10px solid #fff;display:inline-block;width:100%;position:relative;z-index:9}.formspan .example-container{display:flex;flex-direction:column;width:98%;padding:14px;margin-bottom:0}.formspan .form-field-span,.formspan .mat-form-field{display:inline-block;position:relative;text-align:left;width:98%;background:#fff;margin-bottom:9px;padding:1px 14px}.formspan .form-field-span .mat-checkbox,.formspan .form-field-span .mat-radio-button{padding-right:15px;padding-bottom:15px;display:inline-block}.formspan .mat-form-field-wrapper{padding-bottom:0!important}.form-field-span .mat-error{font-size:13px!important}.mat-error{color:#f44336;font-size:13px!important}button.submitbtn.mat-raised-button.mat-primary{margin-right:15px}h1{color:#3f50b4}.files-view{background-repeat:no-repeat;background-size:cover;background-position:center;height:auto!important;width:82%;margin:20px auto;border-radius:10px;display:flex;justify-content:center;align-items:stretch;flex-wrap:wrap}.files-view .mat-card{z-index:9;margin:10px!important;display:flex;flex-wrap:wrap;justify-content:center;width:27%;position:relative}.files-view .mat-card .mat-card-actions,.files-view .mat-card .mat-card-titlt{display:inline-block;width:100%}.files-view .mat-card .mat-card-subtitle{display:inline-block;width:100%;text-align:center}.closecard{position:absolute;top:-10px;right:-8px;background:#464545;height:25px;width:25px;border-radius:50%;border:1px solid #696969;color:#fff;text-align:center;box-shadow:0 2px 6px #00000070;cursor:pointer}.dayofweek{border:5px solid #663399;padding:10px}.closecard i{font-size:18px;line-height:27px}.date_wrapper .mat-checkbox{margin-right:15px}"]}]}],"members":{"config":[{"__symbolic":"property","decorators":[{"__symbolic":"call","expression":{"__symbolic":"reference","module":"@angular/core","name":"Input","line":39,"character":5}}]}],"__ctor__":[{"__symbolic":"constructor","parameters":[{"__symbolic":"reference","module":"amazing-time-picker","name":"AmazingTimePickerService","line":44,"character":29},{"__symbolic":"reference","name":"NewsTitleService"},{"__symbolic":"reference","module":"@angular/common","name":"DatePipe","line":45,"character":21},{"__symbolic":"reference","module":"ngx-cookie-service","name":"CookieService","line":45,"character":55},{"__symbolic":"reference","module":"@angular/forms","name":"FormBuilder","line":45,"character":93},{"__symbolic":"reference","module":"@angular/router","name":"Router","line":46,"character":20}]}],"ngOnInit":[{"__symbolic":"method"}],"open":[{"__symbolic":"method"}],"getGroupName":[{"__symbolic":"method"}],"getSenderAddress":[{"__symbolic":"method"}],"generateForm":[{"__symbolic":"method"}],"setDefaultValue":[{"__symbolic":"method"}],"onSubmit":[{"__symbolic":"method"}]}},"ɵk":{"__symbolic":"class","decorators":[{"__symbolic":"call","expression":{"__symbolic":"reference","module":"@angular/core","name":"Component","line":2,"character":1},"arguments":[{"selector":"lib-listing-newsletterlib","template":"<mat-card *ngIf=\"loader==true\">\n  <mat-spinner class=\"spinner\"></mat-spinner>\n</mat-card>\n\n\n\n<!-- ------------------------lib listing being called------------------------ -->\n<mat-card *ngIf=\"loader==false\">\n  <lib-listing class=\"formfilterdiv\"\n      *ngIf=\"newsConfigForm.datasource !=null && newsConfigForm.datasource.length > 0\"\n      [datasource]=\"newsConfigForm.datasource\" [skip]=\"newsConfigForm.listArray_skip\"\n      [modify_header_array]=\"newsConfigForm.listArray_modify_header\" [sourcedata]=\"newsConfigForm.tableName\"\n      [statusarr]=\"newsConfigForm.statusarr\" [jwttoken]=\"newsConfigForm.jwtToken\"\n      [apiurl]=\"newsConfigForm.apiUrl\" [editroute]=\"newsConfigForm.editUrl\"\n      [deleteendpoint]=\"newsConfigForm.deleteEndPoint\">\n  </lib-listing>\n<!-- ----------------------------------------------------------------------------->\n\n\n  <h2 *ngIf=\"newsConfigForm.datasource.length == 0\">No record found.</h2>\n</mat-card>","styles":[""]}]}],"members":{"config":[{"__symbolic":"property","decorators":[{"__symbolic":"call","expression":{"__symbolic":"reference","module":"@angular/core","name":"Input","line":19,"character":3}}]}],"__ctor__":[{"__symbolic":"constructor"}],"ngOnInit":[{"__symbolic":"method"}]}},"ɵl":{"__symbolic":"class","decorators":[{"__symbolic":"call","expression":{"__symbolic":"reference","module":"@angular/core","name":"Component","line":11,"character":1},"arguments":[{"selector":"lib-add-edit-sender","template":"<mat-card>\n  <mat-toolbar color=\"primary\" style=\"justify-content: center; align-items: center;\">\n    <h2 class=\"headerSpan\">{{ header_name }}</h2>\n  </mat-toolbar>\n  <span class=\"formspan\">\n    <mat-card-content class=\"example-container\">\n      <form autocomplete=\"off\" [formGroup]=\"senderForm\">\n        <!-- Senders name -->\n        <mat-form-field>\n          <mat-label>Sender's Name</mat-label>\n          <input matInput formControlName=\"name\">\n        </mat-form-field>\n\n        <!-- Sender's email  -->\n        <mat-form-field>\n          <mat-label>Email</mat-label>\n          <input matInput formControlName=\"email\">\n        </mat-form-field>\n\n\n        <!-- Button  -->\n        <button type=\"submit\" class=\"submitbtn\" class=\"submitbtn\" mat-raised-button color=\"primary\"\n          (click)=\"onSubmit()\">{{buttonText}}</button>\n        <button type=\"reset\" class=\"submitbtn\" class=\"submitbtn\" mat-raised-button color=\"primary\">RESET</button>\n\n      </form>\n    </mat-card-content>\n  </span>\n</mat-card>","styles":[".example-container{display:flex;flex-direction:column}.example-container>*{width:100%}.main-class .submitbtn{display:block;width:170px;margin:10px auto;background:#3f50b5!important;color:#fff}.main-class .material-icons{cursor:pointer}.formspan{background-color:#e7e9ea;border:6px solid #fff;border-bottom:10px solid #fff;display:inline-block;width:100%;position:relative;z-index:9}.formspan .example-container{display:flex;flex-direction:column;width:98%;padding:14px;margin-bottom:0}.formspan .form-field-span,.formspan .mat-form-field{display:inline-block;position:relative;text-align:left;width:98%;background:#fff;margin-bottom:9px;padding:1px 14px}.formspan .form-field-span .mat-checkbox,.formspan .form-field-span .mat-radio-button{padding-right:15px;padding-bottom:15px;display:inline-block}.formspan .mat-form-field-wrapper{padding-bottom:0!important}.form-field-span .mat-error{font-size:13px!important}.mat-error{color:#f44336;font-size:13px!important}button.submitbtn.mat-raised-button.mat-primary{margin-right:15px}h1{color:#3f50b4}.files-view{background-repeat:no-repeat;background-size:cover;background-position:center;height:auto!important;width:82%;margin:20px auto;border-radius:10px;display:flex;justify-content:center;align-items:stretch;flex-wrap:wrap}.files-view .mat-card{z-index:9;margin:10px!important;display:flex;flex-wrap:wrap;justify-content:center;width:27%;position:relative}.files-view .mat-card .mat-card-actions,.files-view .mat-card .mat-card-titlt{display:inline-block;width:100%}.files-view .mat-card .mat-card-subtitle{display:inline-block;width:100%;text-align:center}.closecard{position:absolute;top:-10px;right:-8px;background:#464545;height:25px;width:25px;border-radius:50%;border:1px solid #696969;color:#fff;text-align:center;box-shadow:0 2px 6px #00000070;cursor:pointer}.closecard i{font-size:18px;line-height:27px}"]}]}],"members":{"__ctor__":[{"__symbolic":"constructor","parameters":[{"__symbolic":"reference","module":"@angular/forms","name":"FormBuilder","line":27,"character":35},{"__symbolic":"reference","name":"NewsTitleService"},{"__symbolic":"reference","module":"@angular/router","name":"Router","line":28,"character":22},{"__symbolic":"reference","module":"@angular/material/dialog","name":"MatDialog","line":28,"character":45}]}],"ngOnInit":[{"__symbolic":"method"}],"generateForm":[{"__symbolic":"method"}],"config":[{"__symbolic":"property","decorators":[{"__symbolic":"call","expression":{"__symbolic":"reference","module":"@angular/core","name":"Input","line":65,"character":3}}]}],"openDialog":[{"__symbolic":"method"}],"setDefaultValue":[{"__symbolic":"method"}],"onSubmit":[{"__symbolic":"method"}]}},"ɵm":{"__symbolic":"class","decorators":[{"__symbolic":"call","expression":{"__symbolic":"reference","module":"@angular/core","name":"Component","line":138,"character":1},"arguments":[{"selector":"app-modal","template":"<h1 mat-dialog-title>MESSAGE</h1>\n<div mat-dialog-content>\n   <p>{{ data.msg }}</p>\n</div>\n\n"}]}],"members":{"__ctor__":[{"__symbolic":"constructor","parameterDecorators":[null,[{"__symbolic":"call","expression":{"__symbolic":"reference","module":"@angular/core","name":"Inject","line":146,"character":5},"arguments":[{"__symbolic":"reference","module":"@angular/material/dialog","name":"MAT_DIALOG_DATA","line":146,"character":12}]}]],"parameters":[{"__symbolic":"reference","name":"MatDialogRef","module":"@angular/material/dialog","arguments":[{"__symbolic":"reference","name":"ɵm"}]},{"__symbolic":"reference","name":"any"}]}],"onNoClick":[{"__symbolic":"method"}]}},"ɵn":{"__symbolic":"class","decorators":[{"__symbolic":"call","expression":{"__symbolic":"reference","module":"@angular/core","name":"Component","line":3,"character":1},"arguments":[{"selector":"lib-listing-sender","template":"<mat-card *ngIf=\"loader==true\">\n  <mat-spinner class=\"spinner\"></mat-spinner>\n</mat-card>\n\n\n\n<!-- ------------------------lib listing being called------------------------ -->\n<mat-card *ngIf=\"loader==false\">\n  <lib-listing class=\"formfilterdiv\"\n      *ngIf=\"senderConfigForm2.datasource !=null && senderConfigForm2.datasource.length > 0\"\n      [datasource]=\"senderConfigForm2.datasource\" [skip]=\"senderConfigForm2.listArray_skip\"\n      [modify_header_array]=\"senderConfigForm2.listArray_modify_header\" [sourcedata]=\"senderConfigForm2.tableName\"\n      [statusarr]=\"senderConfigForm2.statusarr\" [jwttoken]=\"senderConfigForm2.jwtToken\"\n      [apiurl]=\"senderConfigForm2.apiUrl\" [editroute]=\"senderConfigForm2.editUrl\"\n      [deleteendpoint]=\"senderConfigForm2.deleteEndPoint\">\n  </lib-listing>\n<!-- ----------------------------------------------------------------------------->\n\n\n  <h2 *ngIf=\"senderConfigForm2.datasource.length == 0\">No record found.</h2>\n</mat-card>","styles":[".sender_message{width:100%}"]}]}],"members":{"config":[{"__symbolic":"property","decorators":[{"__symbolic":"call","expression":{"__symbolic":"reference","module":"@angular/core","name":"Input","line":19,"character":3}}]}],"__ctor__":[{"__symbolic":"constructor","parameters":[{"__symbolic":"reference","module":"ngx-cookie-service","name":"CookieService","line":42,"character":37}]}],"ngOnInit":[{"__symbolic":"method"}]}},"ɵo":{"__symbolic":"class","decorators":[{"__symbolic":"call","expression":{"__symbolic":"reference","module":"@angular/core","name":"Component","line":2,"character":1},"arguments":[{"selector":"lib-listing-testemaillib","template":"<mat-card *ngIf=\"loader==true\">\n  <mat-spinner class=\"spinner\"></mat-spinner>\n</mat-card>\n\n\n\n<!-- ------------------------lib listing being called------------------------ -->\n<mat-card *ngIf=\"loader==false\">\n  <lib-listing class=\"formfilterdiv\"\n      *ngIf=\"senderConfigForm.datasource !=null && senderConfigForm.datasource.length > 0\"\n      [datasource]=\"senderConfigForm.datasource\" [skip]=\"senderConfigForm.listArray_skip\"\n      [modify_header_array]=\"senderConfigForm.listArray_modify_header\" [sourcedata]=\"senderConfigForm.tableName\"\n      [statusarr]=\"senderConfigForm.statusarr\" [jwttoken]=\"senderConfigForm.jwtToken\"\n      [apiurl]=\"senderConfigForm.apiUrl\" [editroute]=\"senderConfigForm.editUrl\"\n      [deleteendpoint]=\"senderConfigForm.deleteEndPoint\">\n  </lib-listing>\n<!-- ----------------------------------------------------------------------------->\n\n  <h2 *ngIf=\"senderConfigForm.datasource.length == 0\">No record found.</h2>\n</mat-card>","styles":[""]}]}],"members":{"config":[{"__symbolic":"property","decorators":[{"__symbolic":"call","expression":{"__symbolic":"reference","module":"@angular/core","name":"Input","line":18,"character":3}}]}],"__ctor__":[{"__symbolic":"constructor"}],"ngOnInit":[{"__symbolic":"method"}]}},"ɵp":{"__symbolic":"class","decorators":[{"__symbolic":"call","expression":{"__symbolic":"reference","module":"@angular/core","name":"NgModule","line":44,"character":1},"arguments":[{"exports":[{"__symbolic":"reference","module":"@angular/cdk/a11y","name":"A11yModule","line":46,"character":4},{"__symbolic":"reference","module":"@angular/cdk/stepper","name":"CdkStepperModule","line":47,"character":4},{"__symbolic":"reference","module":"@angular/cdk/table","name":"CdkTableModule","line":48,"character":4},{"__symbolic":"reference","module":"@angular/cdk/tree","name":"CdkTreeModule","line":49,"character":4},{"__symbolic":"reference","module":"@angular/cdk/drag-drop","name":"DragDropModule","line":50,"character":4},{"__symbolic":"reference","module":"@angular/material/autocomplete","name":"MatAutocompleteModule","line":51,"character":4},{"__symbolic":"reference","module":"@angular/material/badge","name":"MatBadgeModule","line":52,"character":4},{"__symbolic":"reference","module":"@angular/material/bottom-sheet","name":"MatBottomSheetModule","line":53,"character":4},{"__symbolic":"reference","module":"@angular/material/button","name":"MatButtonModule","line":54,"character":4},{"__symbolic":"reference","module":"@angular/material/button-toggle","name":"MatButtonToggleModule","line":55,"character":4},{"__symbolic":"reference","module":"@angular/material/card","name":"MatCardModule","line":56,"character":4},{"__symbolic":"reference","module":"@angular/material/checkbox","name":"MatCheckboxModule","line":57,"character":4},{"__symbolic":"reference","module":"@angular/material/chips","name":"MatChipsModule","line":58,"character":4},{"__symbolic":"reference","module":"@angular/material/stepper","name":"MatStepperModule","line":59,"character":4},{"__symbolic":"reference","module":"@angular/material/datepicker","name":"MatDatepickerModule","line":60,"character":4},{"__symbolic":"reference","module":"@angular/material/dialog","name":"MatDialogModule","line":61,"character":4},{"__symbolic":"reference","module":"@angular/material/divider","name":"MatDividerModule","line":62,"character":4},{"__symbolic":"reference","module":"@angular/material/expansion","name":"MatExpansionModule","line":63,"character":4},{"__symbolic":"reference","module":"@angular/material/grid-list","name":"MatGridListModule","line":64,"character":4},{"__symbolic":"reference","module":"@angular/material/icon","name":"MatIconModule","line":65,"character":4},{"__symbolic":"reference","module":"@angular/material/input","name":"MatInputModule","line":66,"character":4},{"__symbolic":"reference","module":"@angular/material/list","name":"MatListModule","line":67,"character":4},{"__symbolic":"reference","module":"@angular/material/menu","name":"MatMenuModule","line":68,"character":4},{"__symbolic":"reference","module":"@angular/material/core","name":"MatNativeDateModule","line":69,"character":4},{"__symbolic":"reference","module":"@angular/material/paginator","name":"MatPaginatorModule","line":70,"character":4},{"__symbolic":"reference","module":"@angular/material/progress-bar","name":"MatProgressBarModule","line":71,"character":4},{"__symbolic":"reference","module":"@angular/material/progress-spinner","name":"MatProgressSpinnerModule","line":72,"character":4},{"__symbolic":"reference","module":"@angular/material/radio","name":"MatRadioModule","line":73,"character":4},{"__symbolic":"reference","module":"@angular/material/core","name":"MatRippleModule","line":74,"character":4},{"__symbolic":"reference","module":"@angular/material/select","name":"MatSelectModule","line":75,"character":4},{"__symbolic":"reference","module":"@angular/material/sidenav","name":"MatSidenavModule","line":76,"character":4},{"__symbolic":"reference","module":"@angular/material/slider","name":"MatSliderModule","line":77,"character":4},{"__symbolic":"reference","module":"@angular/material/slide-toggle","name":"MatSlideToggleModule","line":78,"character":4},{"__symbolic":"reference","module":"@angular/material/snack-bar","name":"MatSnackBarModule","line":79,"character":4},{"__symbolic":"reference","module":"@angular/material/sort","name":"MatSortModule","line":80,"character":4},{"__symbolic":"reference","module":"@angular/material/table","name":"MatTableModule","line":81,"character":4},{"__symbolic":"reference","module":"@angular/material/tabs","name":"MatTabsModule","line":82,"character":4},{"__symbolic":"reference","module":"@angular/material/toolbar","name":"MatToolbarModule","line":83,"character":4},{"__symbolic":"reference","module":"@angular/material/tooltip","name":"MatTooltipModule","line":84,"character":4},{"__symbolic":"reference","module":"@angular/material/tree","name":"MatTreeModule","line":85,"character":4},{"__symbolic":"reference","module":"@angular/cdk/portal","name":"PortalModule","line":86,"character":4},{"__symbolic":"reference","module":"@angular/cdk/scrolling","name":"ScrollingModule","line":87,"character":4}]}]}],"members":{}}},"origins":{"NewsTitleService":"./lib/news-title.service","DialogData":"./lib/news-title.component","NewsTitleComponent":"./lib/news-title.component","modalData":"./lib/news-title.component","NewsTitleModule":"./lib/news-title.module","ɵa":"./lib/api.service","ɵb":"./lib/Components/testemails/add-edit-testemaillib/add-edit-testemaillib.component","ɵc":"./lib/Components/testemails/add-edit-testemaillib/add-edit-testemaillib.component","ɵd":"./lib/Components/add-edit-subscriptiongroup/add-edit-subscriptiongroup.component","ɵe":"./lib/Components/add-edit-subscriptiongroup/add-edit-subscriptiongroup.component","ɵf":"./lib/Components/subscriptioncategory/add-edit-subcategory/add-edit-subcategory.component","ɵg":"./lib/Components/subscriptioncategory/add-edit-subcategory/add-edit-subcategory.component","ɵh":"./lib/Components/listing-newsletter/listing-newsletter.component","ɵi":"./lib/Components/subscriptioncategory/listing-subcategory/listing-subcategory.component","ɵj":"./lib/Components/newsletter/add-edit-newsletterlib/add-edit-newsletterlib.component","ɵk":"./lib/Components/newsletter/listing-newsletterlib/listing-newsletterlib.component","ɵl":"./lib/Components/senderslist/add-edit-sender/add-edit-sender.component","ɵm":"./lib/Components/senderslist/add-edit-sender/add-edit-sender.component","ɵn":"./lib/Components/senderslist/listing-sender/listing-sender.component","ɵo":"./lib/Components/testemails/listing-testemaillib/listing-testemaillib.component","ɵp":"./lib/material-module"},"importAs":"news-title"}