{"__symbolic":"module","version":4,"metadata":{"NewsTitleService":{"__symbolic":"class","decorators":[{"__symbolic":"call","expression":{"__symbolic":"reference","module":"@angular/core","name":"Injectable","line":2,"character":1},"arguments":[{"providedIn":"root"}]}],"members":{"__ctor__":[{"__symbolic":"constructor"}]},"statics":{"ngInjectableDef":{}}},"DialogData":{"__symbolic":"interface"},"NewsTitleComponent":{"__symbolic":"class","decorators":[{"__symbolic":"call","expression":{"__symbolic":"reference","module":"@angular/core","name":"Component","line":14,"character":1},"arguments":[{"selector":"lib-newsTitle","template":"","styles":[".mat-form-field{display:inline-block;position:relative;text-align:left;width:100%}.material-icons{position:absolute;top:-20px;right:-20px;font-family:'Material Icons';font-weight:400;font-style:normal;font-size:24px;line-height:1;letter-spacing:normal;text-transform:none;display:inline-block;white-space:nowrap;word-wrap:normal;direction:ltr;-webkit-font-smoothing:antialiased}.logowrapper{margin:0 auto;display:block;text-align:center}h2{text-align:center;background-color:#00f;color:#f0f8ff;padding:10px;margin:0 auto}"]}]}],"members":{"formTitle":[{"__symbolic":"property","decorators":[{"__symbolic":"call","expression":{"__symbolic":"reference","module":"@angular/core","name":"Input","line":26,"character":3}}]}],"logo":[{"__symbolic":"property","decorators":[{"__symbolic":"call","expression":{"__symbolic":"reference","module":"@angular/core","name":"Input","line":31,"character":3}}]}],"serverUrl":[{"__symbolic":"property","decorators":[{"__symbolic":"call","expression":{"__symbolic":"reference","module":"@angular/core","name":"Input","line":37,"character":3}}]}],"addEndpoint":[{"__symbolic":"property","decorators":[{"__symbolic":"call","expression":{"__symbolic":"reference","module":"@angular/core","name":"Input","line":44,"character":3}}]}],"formDirective":[{"__symbolic":"property","decorators":[{"__symbolic":"call","expression":{"__symbolic":"reference","module":"@angular/core","name":"ViewChild","line":49,"character":3},"arguments":[{"__symbolic":"reference","module":"@angular/forms","name":"FormGroupDirective","line":49,"character":13}]}]}],"__ctor__":[{"__symbolic":"constructor","parameters":[{"__symbolic":"reference","module":"@angular/forms","name":"FormBuilder","line":55,"character":25},{"__symbolic":"reference","name":"ɵa"},{"__symbolic":"reference","module":"@angular/material","name":"MatSnackBar","line":55,"character":88},{"__symbolic":"reference","module":"@angular/material","name":"MatDialog","line":55,"character":116}]}],"ngOnInit":[{"__symbolic":"method"}],"openDialog":[{"__symbolic":"method"}]}},"modalData":{"__symbolic":"class","decorators":[{"__symbolic":"call","expression":{"__symbolic":"reference","module":"@angular/core","name":"Component","line":137,"character":1},"arguments":[{"selector":"modalData","template":"\n<mat-card >\n\n        <span class=\"logowrapper\" *ngIf=\"data.logoValue != ''\" >\n             <img  [src]=\"data.logoValue\">\n         </span>\n   \n       <h2 *ngIf=\"data.formTitleValue != ''\"> {{data.formTitleValue}}</h2>\n   \n       <form [formGroup]=\"newsLatterForm\" (ngSubmit)=\"newsLatterFormSubmit()\" novalidate>\n           <mat-form-field>\n               <input matInput placeholder=\"Name \" formControlName=\"fullname\" (blur)=\"inputUntouched('fullname')\">\n               <mat-error\n                           *ngIf=\"!newsLatterForm.controls['fullname'].valid && newsLatterForm.controls['fullname'].errors.required && newsLatterForm.controls['fullname'].touched\">\n                           Name field can not be blank</mat-error>\n           </mat-form-field>\n   \n           <!--Phone field start here-->\n           <mat-form-field>\n               <input matInput placeholder=\"Phone \" formControlName=\"phone\" (blur)=\"inputUntouched('phone')\">\n               <mat-error *ngIf=\"!newsLatterForm.controls['phone'].valid && newsLatterForm.controls['phone'].errors.required && newsLatterForm.controls['phone'].touched\">\n                           Phone field can not be blank</mat-error>\n           </mat-form-field>\n   \n           <!-- Email field start here-->\n           <mat-form-field>\n               <input matInput placeholder=\"Email \" formControlName=\"email\" (blur)=\"inputUntouched('email')\">\n               <mat-error\n                           *ngIf=\"!newsLatterForm.controls['email'].valid && !newsLatterForm.controls['email'].errors.required\">\n                           Email is not valid</mat-error>\n                       <mat-error\n                           *ngIf=\"!newsLatterForm.controls['email'].valid && newsLatterForm.controls['email'].errors.required\">\n                           Email field can not be blank</mat-error>\n           </mat-form-field>\n   \n           <!--Company field start here-->\n           <mat-form-field>\n               <input matInput placeholder=\"Company \" formControlName=\"company\" (blur)=\"inputUntouched('company')\">\n               <mat-error\n                           *ngIf=\"!newsLatterForm.controls['company'].valid && newsLatterForm.controls['company'].errors.required && newsLatterForm.controls['company'].touched\">\n                           Full Name field can not be blank</mat-error>\n           </mat-form-field>\n   \n   \n           <button mat-raised-button color=\"primary\">Submit</button>\n           <!-- <button mat-raised-button color=\"primary\"(click)=\"onNoClick()\">No Thanks</button> -->\n           <i class=\"material-icons\" (click)=\"onNoClick()\">\n               clear\n               </i>\n   \n   \n       </form>\n   </mat-card>","styles":[".mat-form-field{display:inline-block;position:relative;text-align:left;width:100%}.material-icons{position:absolute;top:-20px;right:-20px;font-family:'Material Icons';font-weight:400;font-style:normal;font-size:24px;line-height:1;letter-spacing:normal;text-transform:none;display:inline-block;white-space:nowrap;word-wrap:normal;direction:ltr;-webkit-font-smoothing:antialiased}.logowrapper{margin:0 auto;display:block;text-align:center}h2{text-align:center;background-color:#00f;color:#f0f8ff;padding:10px;margin:0 auto}"]}]}],"members":{"formDirective":[{"__symbolic":"property","decorators":[{"__symbolic":"call","expression":{"__symbolic":"reference","module":"@angular/core","name":"ViewChild","line":146,"character":3},"arguments":[{"__symbolic":"reference","module":"@angular/forms","name":"FormGroupDirective","line":146,"character":13}]}]}],"__ctor__":[{"__symbolic":"constructor","parameterDecorators":[null,[{"__symbolic":"call","expression":{"__symbolic":"reference","module":"@angular/core","name":"Inject","line":150,"character":5},"arguments":[{"__symbolic":"reference","module":"@angular/material","name":"MAT_DIALOG_DATA","line":150,"character":12}]}],null,null],"parameters":[{"__symbolic":"reference","name":"MatDialogRef","module":"@angular/material","arguments":[{"__symbolic":"reference","name":"modalData"}]},{"__symbolic":"reference","name":"any"},{"__symbolic":"reference","name":"ɵa"},{"__symbolic":"reference","module":"@angular/forms","name":"FormBuilder","line":55,"character":25}]}],"ngOnInit":[{"__symbolic":"method"}],"onNoClick":[{"__symbolic":"method"}],"newsLatterFormSubmit":[{"__symbolic":"method"}],"inputUntouched":[{"__symbolic":"method"}]}},"NewsTitleModule":{"__symbolic":"class","decorators":[{"__symbolic":"call","expression":{"__symbolic":"reference","module":"@angular/core","name":"NgModule","line":8,"character":1},"arguments":[{"declarations":[{"__symbolic":"reference","name":"NewsTitleComponent"},{"__symbolic":"reference","name":"modalData"}],"imports":[{"__symbolic":"reference","name":"ɵb"},{"__symbolic":"reference","module":"@angular/forms","name":"ReactiveFormsModule","line":12,"character":4},{"__symbolic":"reference","module":"@angular/forms","name":"FormsModule","line":12,"character":24},{"__symbolic":"reference","module":"@angular/platform-browser/animations","name":"BrowserAnimationsModule","line":13,"character":4},{"__symbolic":"reference","module":"@angular/common","name":"CommonModule","line":14,"character":4}],"exports":[{"__symbolic":"reference","name":"NewsTitleComponent"}],"schemas":[{"__symbolic":"reference","module":"@angular/core","name":"CUSTOM_ELEMENTS_SCHEMA","line":17,"character":12}],"providers":[{"__symbolic":"reference","name":"ɵa"}],"entryComponents":[{"__symbolic":"reference","name":"NewsTitleComponent"},{"__symbolic":"reference","name":"modalData"}]}]}],"members":{}},"ɵa":{"__symbolic":"class","decorators":[{"__symbolic":"call","expression":{"__symbolic":"reference","module":"@angular/core","name":"Injectable","line":8,"character":1},"arguments":[{"providedIn":"root"}]}],"members":{"__ctor__":[{"__symbolic":"constructor","parameters":[{"__symbolic":"reference","module":"@angular/common/http","name":"HttpClient","line":46,"character":29},{"__symbolic":"reference","module":"@angular/common/http","name":"HttpClient","line":46,"character":29},{"__symbolic":"reference","module":"ngx-cookie-service","name":"CookieService","line":47,"character":57}]}],"setServerUrl":[{"__symbolic":"method"}],"clearServerUrl":[{"__symbolic":"method"}],"getServerUrl":[{"__symbolic":"method"}],"setaddEndpoint":[{"__symbolic":"method"}],"clearaddEndpoint":[{"__symbolic":"method"}],"getaddEndpoint":[{"__symbolic":"method"}],"setuploadEndpont":[{"__symbolic":"method"}],"clearuploadEndpoint":[{"__symbolic":"method"}],"getuploadEndpoint":[{"__symbolic":"method"}],"setupdateEndpoint":[{"__symbolic":"method"}],"clearupdateEndpoint":[{"__symbolic":"method"}],"getupdateEndpoint":[{"__symbolic":"method"}],"setdeletesingleEndpoint":[{"__symbolic":"method"}],"cleardeletesingleEndpoint":[{"__symbolic":"method"}],"getdeletesingleEndpoint":[{"__symbolic":"method"}],"setupdatestatus_singleEndpoint":[{"__symbolic":"method"}],"clearupdatestatus_singleEndpoint":[{"__symbolic":"method"}],"getupdatestatus_singleEndpoint":[{"__symbolic":"method"}],"setgetdataEndpoint":[{"__symbolic":"method"}],"cleargetdataEndpoint":[{"__symbolic":"method"}],"getdataEndpoint":[{"__symbolic":"method"}],"isTokenExpired":[{"__symbolic":"method"}],"addData":[{"__symbolic":"method"}],"uploadFile":[{"__symbolic":"method"}],"UpdateData":[{"__symbolic":"method"}],"getData":[{"__symbolic":"method"}],"addLogin":[{"__symbolic":"method"}],"forgetPassword":[{"__symbolic":"method"}],"deleteSingleData":[{"__symbolic":"method"}],"deleteMultipleData":[{"__symbolic":"method"}],"UpdateStatusForSingleData":[{"__symbolic":"method"}],"UpdateStatusForMultipleData":[{"__symbolic":"method"}],"CustomRequest":[{"__symbolic":"method"}]},"statics":{"ngInjectableDef":{}}},"ɵb":{"__symbolic":"class","decorators":[{"__symbolic":"call","expression":{"__symbolic":"reference","module":"@angular/core","name":"NgModule","line":44,"character":1},"arguments":[{"exports":[{"__symbolic":"reference","module":"@angular/cdk/a11y","name":"A11yModule","line":46,"character":4},{"__symbolic":"reference","module":"@angular/cdk/stepper","name":"CdkStepperModule","line":47,"character":4},{"__symbolic":"reference","module":"@angular/cdk/table","name":"CdkTableModule","line":48,"character":4},{"__symbolic":"reference","module":"@angular/cdk/tree","name":"CdkTreeModule","line":49,"character":4},{"__symbolic":"reference","module":"@angular/cdk/drag-drop","name":"DragDropModule","line":50,"character":4},{"__symbolic":"reference","module":"@angular/material/autocomplete","name":"MatAutocompleteModule","line":51,"character":4},{"__symbolic":"reference","module":"@angular/material/badge","name":"MatBadgeModule","line":52,"character":4},{"__symbolic":"reference","module":"@angular/material/bottom-sheet","name":"MatBottomSheetModule","line":53,"character":4},{"__symbolic":"reference","module":"@angular/material/button","name":"MatButtonModule","line":54,"character":4},{"__symbolic":"reference","module":"@angular/material/button-toggle","name":"MatButtonToggleModule","line":55,"character":4},{"__symbolic":"reference","module":"@angular/material/card","name":"MatCardModule","line":56,"character":4},{"__symbolic":"reference","module":"@angular/material/checkbox","name":"MatCheckboxModule","line":57,"character":4},{"__symbolic":"reference","module":"@angular/material/chips","name":"MatChipsModule","line":58,"character":4},{"__symbolic":"reference","module":"@angular/material/stepper","name":"MatStepperModule","line":59,"character":4},{"__symbolic":"reference","module":"@angular/material/datepicker","name":"MatDatepickerModule","line":60,"character":4},{"__symbolic":"reference","module":"@angular/material/dialog","name":"MatDialogModule","line":61,"character":4},{"__symbolic":"reference","module":"@angular/material/divider","name":"MatDividerModule","line":62,"character":4},{"__symbolic":"reference","module":"@angular/material/expansion","name":"MatExpansionModule","line":63,"character":4},{"__symbolic":"reference","module":"@angular/material/grid-list","name":"MatGridListModule","line":64,"character":4},{"__symbolic":"reference","module":"@angular/material/icon","name":"MatIconModule","line":65,"character":4},{"__symbolic":"reference","module":"@angular/material/input","name":"MatInputModule","line":66,"character":4},{"__symbolic":"reference","module":"@angular/material/list","name":"MatListModule","line":67,"character":4},{"__symbolic":"reference","module":"@angular/material/menu","name":"MatMenuModule","line":68,"character":4},{"__symbolic":"reference","module":"@angular/material/core","name":"MatNativeDateModule","line":69,"character":4},{"__symbolic":"reference","module":"@angular/material/paginator","name":"MatPaginatorModule","line":70,"character":4},{"__symbolic":"reference","module":"@angular/material/progress-bar","name":"MatProgressBarModule","line":71,"character":4},{"__symbolic":"reference","module":"@angular/material/progress-spinner","name":"MatProgressSpinnerModule","line":72,"character":4},{"__symbolic":"reference","module":"@angular/material/radio","name":"MatRadioModule","line":73,"character":4},{"__symbolic":"reference","module":"@angular/material/core","name":"MatRippleModule","line":74,"character":4},{"__symbolic":"reference","module":"@angular/material/select","name":"MatSelectModule","line":75,"character":4},{"__symbolic":"reference","module":"@angular/material/sidenav","name":"MatSidenavModule","line":76,"character":4},{"__symbolic":"reference","module":"@angular/material/slider","name":"MatSliderModule","line":77,"character":4},{"__symbolic":"reference","module":"@angular/material/slide-toggle","name":"MatSlideToggleModule","line":78,"character":4},{"__symbolic":"reference","module":"@angular/material/snack-bar","name":"MatSnackBarModule","line":79,"character":4},{"__symbolic":"reference","module":"@angular/material/sort","name":"MatSortModule","line":80,"character":4},{"__symbolic":"reference","module":"@angular/material/table","name":"MatTableModule","line":81,"character":4},{"__symbolic":"reference","module":"@angular/material/tabs","name":"MatTabsModule","line":82,"character":4},{"__symbolic":"reference","module":"@angular/material/toolbar","name":"MatToolbarModule","line":83,"character":4},{"__symbolic":"reference","module":"@angular/material/tooltip","name":"MatTooltipModule","line":84,"character":4},{"__symbolic":"reference","module":"@angular/material/tree","name":"MatTreeModule","line":85,"character":4},{"__symbolic":"reference","module":"@angular/cdk/portal","name":"PortalModule","line":86,"character":4},{"__symbolic":"reference","module":"@angular/cdk/scrolling","name":"ScrollingModule","line":87,"character":4}]}]}],"members":{}}},"origins":{"NewsTitleService":"./lib/news-title.service","DialogData":"./lib/news-title.component","NewsTitleComponent":"./lib/news-title.component","modalData":"./lib/news-title.component","NewsTitleModule":"./lib/news-title.module","ɵa":"./lib/api.service","ɵb":"./lib/material-module"},"importAs":"news-title"}