{"__symbolic":"module","version":4,"metadata":{"FileUploadService":{"__symbolic":"class","decorators":[{"__symbolic":"call","expression":{"__symbolic":"reference","module":"@angular/core","name":"Injectable","line":5,"character":1},"arguments":[{"providedIn":"root"}]}],"members":{"__ctor__":[{"__symbolic":"constructor","parameters":[{"__symbolic":"reference","module":"@angular/common/http","name":"HttpClient","line":13,"character":34}]}],"upload":[{"__symbolic":"method"}],"uploadBase64":[{"__symbolic":"method"}]},"statics":{"ngInjectableDef":{}}},"FileUploadComponent":{"__symbolic":"class","decorators":[{"__symbolic":"call","expression":{"__symbolic":"reference","module":"@angular/core","name":"Component","line":12,"character":1},"arguments":[{"selector":"lib-file-upload","template":"<!-- File Upload -->\n<div class=\"uploadfilecontainer\" (click)=\"fileInput.click()\" libDragDrop (onFileDropped)=\"selectFiles($event)\">\n    <input hidden type=\"file\" #fileInput (change)=\"selectFiles($event.target.files)\" multiple>\n    <div class=\"uploadtextwrapper\">\n        <h2>Drag and Drop Files</h2>\n        <p>Supported Formats:\n            <ng-container *ngFor=\"let val of configData.format; let i = index\">\n                {{ val }}<ng-container *ngIf=\"i + 1 < configData.format.length\">,</ng-container>\n            </ng-container>\n        </p>\n        <p>MAX Size: {{ configData.size / 1024 | number: '.1-2' }} MB</p>\n    </div>\n</div>\n\n<div class=\"button-group\" *ngIf=\"files.length > 0\">\n    <button mat-raised-button color=\"primary\" type=\"button\" (click)=\"uploadAll();\">Upload All</button>\n    <button mat-raised-button color=\"warn\" type=\"button\" (click)=\"deleteAll();\">Delete All</button>\n</div>\n\n<div class=\"files-view\">\n    <!-- View Files -->\n    <mat-card class=\"example-card\" *ngFor=\"let file of files; let i = index;\">\n        <span class=\"viewUrlwrapper\">\n            <div *ngIf=\"file.viewUrl == null\" (click)=\"previewFiles(i);\" class=\"othersFilePreview\"> <h2 style=\"color:white; font-weight: bold;\">{{ file.viewText | uppercase }}</h2></div>\n            <img mat-card-image *ngIf=\"file.viewUrl != null\" [src]=\"file.viewUrl\" alt=\"{{ file.name }}\" (click)=\"previewFiles(i);\" />\n        </span>\n        <span class=\"viewUrlcontent\">\n            <mat-card-header>\n                <mat-card-title>{{ file.name }}</mat-card-title>\n                <mat-card-subtitle class=\"fileDescription\">Type: {{ file.type }}, Size:\n                    <ng-container *ngIf=\"file.size / 1000 > 999\">\n                        {{ file.size / 1000 / 1000 | number: '.1-2' }} MB\n                    </ng-container>\n                    <ng-container *ngIf=\"file.size / 1000 < 1000\">\n                        {{ file.size / 1000 | number: '.1-2' }} KB\n                    </ng-container>\n                </mat-card-subtitle>\n                <mat-card-subtitle class=\"error\" *ngIf=\"file.valid.status == false\">{{ file.valid.message }}\n                </mat-card-subtitle>\n            </mat-card-header>\n\n            <mat-card-content>\n                <mat-progress-bar mode=\"determinate\" *ngIf=\"file.upload.status == 'progress'\"\n                    value=\"{{ file.upload.data.percentage }}\"></mat-progress-bar>\n                <mat-progress-bar mode=\"indeterminate\" *ngIf=\"file.upload.status == 'waiting'\"></mat-progress-bar>\n            </mat-card-content>\n\n            <mat-card-actions>\n                <!-- <button mat-raised-button matTooltip=\"Preview\" *ngIf=\"file.valid.status == true\" aria-label=\"Preview\" (click)=\"previewFiles(i);\">Preview</button> -->\n\n                <button mat-raised-button color=\"primary\" type=\"button\"\n                    *ngIf=\"file.valid.status == true && file.upload.status != 'complete'\" matTooltip=\"Upload\"\n                    aria-label=\"Upload\" (click)=\"uploading(i);\">Upload</button>\n                <button mat-raised-button type=\"button\" disabled *ngIf=\"file.upload.status == 'complete'\">Upload Complete</button>\n\n                <button mat-raised-button type=\"button\" color=\"warn\" matTooltip=\"Remove\" aria-label=\"Remove\"\n                    (click)=\"removeFiles(i);\">Remove</button>\n            </mat-card-actions>\n        </span>\n    </mat-card>\n</div>","styles":[".uploadfilecontainer{background-repeat:no-repeat;background-size:100px;background-position:center;height:200px;width:80%;margin:20px auto;border:2px dashed #1c8adb;border-radius:10px;text-align:center;display:flex;justify-content:center;align-items:center}.uploadfilecontainer:hover{cursor:pointer;background-color:#9ecbec!important;opacity:.8}.button-group{background-repeat:no-repeat;background-size:100px;background-position:center;height:40px;width:80%;margin:20px auto;border-radius:10px}.error.mat-card-subtitle{color:#a00;text-align:left}.example-card{margin:6px auto auto;max-width:100%}.example-header-image{background-image:url(https://material.angular.io/assets/img/examples/shiba1.jpg);background-size:cover}.progress-bar{margin-top:24px}.file-div{background-color:#dedddc;margin-top:6px}.othersFilePreview{background-color:#8a2be2;height:100%;width:100%;text-align:center;justify-content:center;align-items:center;display:flex}.fileDescription{text-align:left}.files-view{background-repeat:no-repeat;background-size:cover;background-position:center;height:auto!important;width:82%;margin:20px auto;border-radius:10px;display:flex;justify-content:center;align-items:stretch;flex-wrap:wrap}.files-view .mat-card{position:relative;z-index:9;flex:1 1 28.33%;margin:10px!important;display:flex;flex-wrap:wrap}.viewUrlwrapper{height:160px;width:100%;overflow:hidden;position:relative}.viewUrlwrapper img{max-width:100%;-o-object-fit:cover;object-fit:cover;margin:0 auto;z-index:99;position:relative;max-width:100%;width:initial;display:block;margin-top:-46px!important}.viewUrlcontent{display:block;justify-content:center;align-items:stretch;flex-wrap:wrap;flex:1 1 100%}.viewUrlcontent .mat-card-header{display:flex;flex-direction:row;flex:1 1 100%;justify-content:center;text-align:center;flex-wrap:wrap}.viewUrlcontent .mat-progress-bar{margin-bottom:5px}.viewUrlcontent .mat-card-header .mat-card-header-text{margin:10px;width:100%}.viewUrlcontent .mat-card-header .mat-card-header-text .mat-card-title{width:100%;overflow:hidden;text-overflow:ellipsis;display:-webkit-box;line-height:19px;max-height:40px;-webkit-line-clamp:2}.mat-typography .mat-card-image{width:inherit!important;margin:0!important}"]}]}],"members":{"config":[{"__symbolic":"property","decorators":[{"__symbolic":"call","expression":{"__symbolic":"reference","module":"@angular/core","name":"Input","line":31,"character":3}}]}],"__ctor__":[{"__symbolic":"constructor","parameters":[{"__symbolic":"reference","module":"@angular/forms","name":"FormBuilder","line":36,"character":35},{"__symbolic":"reference","name":"FileUploadService"},{"__symbolic":"reference","module":"@angular/router","name":"ActivatedRoute","line":37,"character":28},{"__symbolic":"reference","module":"@angular/router","name":"Router","line":37,"character":60},{"__symbolic":"reference","module":"@angular/material/snack-bar","name":"MatSnackBar","line":37,"character":87},{"__symbolic":"reference","module":"@angular/material/dialog","name":"MatDialog","line":38,"character":19}]}],"ngOnInit":[{"__symbolic":"method"}],"selectFiles":[{"__symbolic":"method"}],"viewFiles":[{"__symbolic":"method"}],"checkingValidation":[{"__symbolic":"method"}],"uploadAll":[{"__symbolic":"method"}],"uploading":[{"__symbolic":"method"}],"removeFiles":[{"__symbolic":"method"}],"openSnackBar":[{"__symbolic":"method"}],"openDialog":[{"__symbolic":"method"}],"deleteAll":[{"__symbolic":"method"}],"previewFiles":[{"__symbolic":"method"}]}},"FileUploadModule":{"__symbolic":"class","decorators":[{"__symbolic":"call","expression":{"__symbolic":"reference","module":"@angular/core","name":"NgModule","line":12,"character":1},"arguments":[{"declarations":[{"__symbolic":"reference","name":"FileUploadComponent"},{"__symbolic":"reference","name":"ɵa"},{"__symbolic":"reference","name":"ɵb"},{"__symbolic":"reference","name":"ɵc"},{"__symbolic":"reference","name":"ɵd"}],"imports":[{"__symbolic":"reference","module":"@angular/platform-browser","name":"BrowserModule","line":21,"character":4},{"__symbolic":"reference","name":"ɵe"},{"__symbolic":"reference","module":"@angular/forms","name":"FormsModule","line":23,"character":4},{"__symbolic":"reference","module":"@angular/forms","name":"ReactiveFormsModule","line":24,"character":4},{"__symbolic":"reference","module":"@angular/common/http","name":"HttpClientModule","line":25,"character":4},{"__symbolic":"reference","module":"listing-angular7","name":"ListingModule","line":26,"character":4}],"providers":[],"exports":[{"__symbolic":"reference","name":"FileUploadComponent"}],"entryComponents":[{"__symbolic":"reference","name":"ɵb"},{"__symbolic":"reference","name":"ɵc"},{"__symbolic":"reference","name":"ɵd"}]}]}],"members":{}},"ɵa":{"__symbolic":"class","decorators":[{"__symbolic":"call","expression":{"__symbolic":"reference","module":"@angular/core","name":"Directive","line":2,"character":1},"arguments":[{"selector":"[libDragDrop]"}]}],"members":{"onFileDropped":[{"__symbolic":"property","decorators":[{"__symbolic":"call","expression":{"__symbolic":"reference","module":"@angular/core","name":"Output","line":8,"character":3}}]}],"background":[{"__symbolic":"property","decorators":[{"__symbolic":"call","expression":{"__symbolic":"reference","module":"@angular/core","name":"HostBinding","line":10,"character":3},"arguments":["style.background-color"]}]}],"opacity":[{"__symbolic":"property","decorators":[{"__symbolic":"call","expression":{"__symbolic":"reference","module":"@angular/core","name":"HostBinding","line":11,"character":3},"arguments":["style.opacity"]}]}],"onDragOver":[{"__symbolic":"method","decorators":[{"__symbolic":"call","expression":{"__symbolic":"reference","module":"@angular/core","name":"HostListener","line":14,"character":3},"arguments":["dragover",["$event"]]}]}],"onDragLeave":[{"__symbolic":"method","decorators":[{"__symbolic":"call","expression":{"__symbolic":"reference","module":"@angular/core","name":"HostListener","line":22,"character":3},"arguments":["dragleave",["$event"]]}]}],"ondrop":[{"__symbolic":"method","decorators":[{"__symbolic":"call","expression":{"__symbolic":"reference","module":"@angular/core","name":"HostListener","line":30,"character":3},"arguments":["drop",["$event"]]}]}]}},"ɵb":{"__symbolic":"class","decorators":[{"__symbolic":"call","expression":{"__symbolic":"reference","module":"@angular/core","name":"Component","line":3,"character":1},"arguments":[{"selector":"lib-alert-message","template":"<span class=\"example-pizza-party\">\n  An error occurred.\n</span>","styles":[".example-pizza-party{color:#ff69b4}"]}]}],"members":{"__ctor__":[{"__symbolic":"constructor"}],"ngOnInit":[{"__symbolic":"method"}]}},"ɵc":{"__symbolic":"class","decorators":[{"__symbolic":"call","expression":{"__symbolic":"reference","module":"@angular/core","name":"Component","line":7,"character":1},"arguments":[{"selector":"lib-dialog-box","template":"<h1 mat-dialog-title>Are you sure ??</h1>\n<div mat-dialog-actions>\n  <button mat-button type=\"button\" [mat-dialog-close]=\"false\" (click)=\"onNoClick()\">No Thanks</button>\n  <button mat-button type=\"button\" [mat-dialog-close]=\"true\" cdkFocusInitial>Yes</button>\n</div>","styles":[""]}]}],"members":{"__ctor__":[{"__symbolic":"constructor","parameterDecorators":[null,[{"__symbolic":"call","expression":{"__symbolic":"reference","module":"@angular/core","name":"Inject","line":17,"character":5},"arguments":[{"__symbolic":"reference","module":"@angular/material/dialog","name":"MAT_DIALOG_DATA","line":17,"character":12}]}]],"parameters":[{"__symbolic":"reference","name":"MatDialogRef","module":"@angular/material/dialog","arguments":[{"__symbolic":"reference","name":"ɵc"}]},{"__symbolic":"reference","name":"any"}]}],"onNoClick":[{"__symbolic":"method"}],"ngOnInit":[{"__symbolic":"method"}]}},"ɵd":{"__symbolic":"class","decorators":[{"__symbolic":"call","expression":{"__symbolic":"reference","module":"@angular/core","name":"Component","line":7,"character":1},"arguments":[{"selector":"lib-preview-files","template":"<h2 mat-dialog-title>File Preview</h2>\n<mat-dialog-content class=\"mat-typography\">\n  <img mat-card-image [src]=\"this.data.imgURL\" *ngIf=\"this.data.imgURL\">\n</mat-dialog-content>\n<mat-dialog-actions align=\"end\">\n  <button mat-button type=\"button\" mat-dialog-close>Cancel</button>\n</mat-dialog-actions>","styles":["img{max-width:100%;max-height:64vh}"]}]}],"members":{"__ctor__":[{"__symbolic":"constructor","parameterDecorators":[null,[{"__symbolic":"call","expression":{"__symbolic":"reference","module":"@angular/core","name":"Inject","line":16,"character":5},"arguments":[{"__symbolic":"reference","module":"@angular/material/dialog","name":"MAT_DIALOG_DATA","line":16,"character":12}]}]],"parameters":[{"__symbolic":"reference","name":"MatDialogRef","module":"@angular/material/dialog","arguments":[{"__symbolic":"reference","name":"ɵd"}]},{"__symbolic":"reference","name":"any"}]}],"onNoClick":[{"__symbolic":"method"}],"ngOnInit":[{"__symbolic":"method"}]}},"ɵe":{"__symbolic":"class","decorators":[{"__symbolic":"call","expression":{"__symbolic":"reference","module":"@angular/core","name":"NgModule","line":43,"character":1},"arguments":[{"exports":[{"__symbolic":"reference","module":"@angular/cdk/a11y","name":"A11yModule","line":45,"character":4},{"__symbolic":"reference","module":"@angular/cdk/stepper","name":"CdkStepperModule","line":46,"character":4},{"__symbolic":"reference","module":"@angular/cdk/table","name":"CdkTableModule","line":47,"character":4},{"__symbolic":"reference","module":"@angular/cdk/tree","name":"CdkTreeModule","line":48,"character":4},{"__symbolic":"reference","module":"@angular/cdk/drag-drop","name":"DragDropModule","line":49,"character":4},{"__symbolic":"reference","module":"@angular/material/autocomplete","name":"MatAutocompleteModule","line":50,"character":4},{"__symbolic":"reference","module":"@angular/material/badge","name":"MatBadgeModule","line":51,"character":4},{"__symbolic":"reference","module":"@angular/material/bottom-sheet","name":"MatBottomSheetModule","line":52,"character":4},{"__symbolic":"reference","module":"@angular/material/button","name":"MatButtonModule","line":53,"character":4},{"__symbolic":"reference","module":"@angular/material/button-toggle","name":"MatButtonToggleModule","line":54,"character":4},{"__symbolic":"reference","module":"@angular/material/card","name":"MatCardModule","line":55,"character":4},{"__symbolic":"reference","module":"@angular/material/checkbox","name":"MatCheckboxModule","line":56,"character":4},{"__symbolic":"reference","module":"@angular/material/chips","name":"MatChipsModule","line":57,"character":4},{"__symbolic":"reference","module":"@angular/material/stepper","name":"MatStepperModule","line":58,"character":4},{"__symbolic":"reference","module":"@angular/material/datepicker","name":"MatDatepickerModule","line":59,"character":4},{"__symbolic":"reference","module":"@angular/material/dialog","name":"MatDialogModule","line":60,"character":4},{"__symbolic":"reference","module":"@angular/material/divider","name":"MatDividerModule","line":61,"character":4},{"__symbolic":"reference","module":"@angular/material/expansion","name":"MatExpansionModule","line":62,"character":4},{"__symbolic":"reference","module":"@angular/material/grid-list","name":"MatGridListModule","line":63,"character":4},{"__symbolic":"reference","module":"@angular/material/icon","name":"MatIconModule","line":64,"character":4},{"__symbolic":"reference","module":"@angular/material/input","name":"MatInputModule","line":65,"character":4},{"__symbolic":"reference","module":"@angular/material/list","name":"MatListModule","line":66,"character":4},{"__symbolic":"reference","module":"@angular/material/menu","name":"MatMenuModule","line":67,"character":4},{"__symbolic":"reference","module":"@angular/material/core","name":"MatNativeDateModule","line":68,"character":4},{"__symbolic":"reference","module":"@angular/material/paginator","name":"MatPaginatorModule","line":69,"character":4},{"__symbolic":"reference","module":"@angular/material/progress-bar","name":"MatProgressBarModule","line":70,"character":4},{"__symbolic":"reference","module":"@angular/material/progress-spinner","name":"MatProgressSpinnerModule","line":71,"character":4},{"__symbolic":"reference","module":"@angular/material/radio","name":"MatRadioModule","line":72,"character":4},{"__symbolic":"reference","module":"@angular/material/core","name":"MatRippleModule","line":73,"character":4},{"__symbolic":"reference","module":"@angular/material/select","name":"MatSelectModule","line":74,"character":4},{"__symbolic":"reference","module":"@angular/material/sidenav","name":"MatSidenavModule","line":75,"character":4},{"__symbolic":"reference","module":"@angular/material/slider","name":"MatSliderModule","line":76,"character":4},{"__symbolic":"reference","module":"@angular/material/slide-toggle","name":"MatSlideToggleModule","line":77,"character":4},{"__symbolic":"reference","module":"@angular/material/snack-bar","name":"MatSnackBarModule","line":78,"character":4},{"__symbolic":"reference","module":"@angular/material/sort","name":"MatSortModule","line":79,"character":4},{"__symbolic":"reference","module":"@angular/material/table","name":"MatTableModule","line":80,"character":4},{"__symbolic":"reference","module":"@angular/material/tabs","name":"MatTabsModule","line":81,"character":4},{"__symbolic":"reference","module":"@angular/material/toolbar","name":"MatToolbarModule","line":82,"character":4},{"__symbolic":"reference","module":"@angular/material/tooltip","name":"MatTooltipModule","line":83,"character":4},{"__symbolic":"reference","module":"@angular/material/tree","name":"MatTreeModule","line":84,"character":4},{"__symbolic":"reference","module":"@angular/cdk/portal","name":"PortalModule","line":85,"character":4},{"__symbolic":"reference","module":"@angular/cdk/scrolling","name":"ScrollingModule","line":86,"character":4}]}]}],"members":{}}},"origins":{"FileUploadService":"./lib/file-upload.service","FileUploadComponent":"./lib/file-upload.component","FileUploadModule":"./lib/file-upload.module","ɵa":"./lib/directive/drag-drop.directive","ɵb":"./lib/component/alert-message/alert-message.component","ɵc":"./lib/component/dialog-box/dialog-box.component","ɵd":"./lib/component/preview-files/preview-files.component","ɵe":"./lib/Module/material-module"},"importAs":"file-upload"}